,title,body
0,"
				JDC 소셜벤처 지원사업 '낭그늘2기' 지원대상 모집 공고
			","


			   JDC 소셜벤처 지원 사업 '낭그늘 2기' 지원대상 모집 안내

낭그늘은 제주국제자유도시개발센터(JDC)가 제주의 지역사회문제로부터 비즈니스 가치를 발굴하는 혁신적인 솔루션으로 제주도내 소셜벤처 생태계 활성화 및 일자리 창출에 기여하고 동시에 지역을 넘어 국내/외 임팩트를 창출하는 제주형 소셜벤처를 위한 차별화된 프로그램입니다

JDC 소셜벤처 지원 사업의  '낭그늘 2기 지원대상을 다음과 같이 모집합니다.
 
□ 모집개요
 ㅇ (지원대상) 제주지역의 사회문제를 혁신적인 비즈니스로 해결하는 소셜벤처
   - 서비스 및 상품 검증 단계로 스케일업 혹은 제주도 지역 확장을 필요로 하는 팀
   - 법인 사업자의 경우 주식회사 형태의 소셜벤처만 지원 가능하며, 개인사업자의 경우 2020년 내 법인설립 필수
   - 액셀러레이팅 팀 선정 시 정해진 기간동안 낭그늘 코워킹 스페이스 입주를 완료해야하고 지원 종료 후
      2년 이상 제주도 내에서 유의미한 비즈니스 활동계획이 명확해야함
 
    * 소셜벤처란 사업의 주목적이 사회문제 해결인 스타트업(법인설립연도 제한 없음)
    * 개인사업자 및 법인사업자(주식회사)가 아닌 경우 지원 불가. 컨소시엄 지원 불가
    * 구체적인 사항은 선정 이후 운영기관이 제시하는 단계별 약정서에 따름. 

 ㅇ (참여혜택)
   < 공통 >
   - 제주첨단과학기술단지 내 소셜벤처 ‘코워킹 스페이스 낭그늘’ 공간 무료 사용 지원
   - 낭그늘 커뮤니티 멤버 자격 부여
   - 도내외 언론 및 미디어, SNS 등 홍보 지원
 
  < 인큐베이팅 12팀 >
   - 아이디어 검증 프로젝트 지원비 500만원 제공 (인건비 50%까지 사용 가능)
   - 낭그늘 소셜벤처 육성 코치진 정기 코칭, 자원연계 등 맞춤형 지원 제공

  < 액셀러레이팅 6팀 >
   - 비즈니스 검증 프로젝트 지원비 평균 5,000만원 제공 (단계별 평가에 따라 지원규모 결정, 인건비 50%까지 사용 가능)
   - 소셜벤처 간 협업 프로젝트 최대 4,000만원 별도 지원 가능
   - 액셀러레이팅 기간 동안 ‘코워킹 스페이스 낭그늘’ 내 개별 오피스 지원
   - 낭그늘 소셜벤처 육성 코치진 정기/상시 코칭, 자원연계 등 맞춤형 지원 제공
   - 비즈니스 성장모듈(서비스디자인, 린브랜딩, 지속가능성, 임팩트투자 등) 맞춤형 제공 (단계별 평가에 따라 지원규모 결정)
   - 임팩트투자 검토

 ㅇ (신청방법) www.nangjeju.co.kr 접속  *신청서 작성
 ㅇ (신청기간) 2019년 12월 11일(수) 17시 까지 
 ㅇ (지원절차) 서류접수->서류심사->대면심사->인큐베이팅(2.5개월)->액셀러레이팅(8개월)



 
		"
1,"
				JDC 사회적경제조직 지원사업 위탁운영기관 공개 모집
			","


			                                  JDC 제3차 사회적경제조직 지원사업 위탁운영기관 모집 공고
 
제주국제자유도시개발센터는 제주도 내 사회적경제조직 지원대상 발굴하고 혁신조직 성장 지원을 통한 지역 생태계 활성화
및 사회적 가치 실현을 위하여 사회적경제조직 지원사업을 위탁하고자 다음과 같이 공고합니다.
 
                                                                                                                                                                       2019년 11월 20일
                                                                                                                                              제주국제자유도시개발센터 이사장
 
1. 사업개요
ㅇ (사 업 명) JDC 제3차 사회적경제조직 지원 사업
ㅇ (사업내용)
   - 제주지역 일자리 및 사회서비스 창출을 사회적경제조직의 혁신성장 촉진을 위해 금융(투자),
     컨설팅, 네트워킹 지원 등 경영애로 해소지원
ㅇ (사업기간) 협약일로부터 40개월
ㅇ (지원대상) 사회적경제조직
  - 제주도 내에 주 사무소를 둔 (예비)사회적기업, 협동조합, 사회적협동조합, 마을기업, 자활기업 및 소셜벤처 등
ㅇ (사업금액) 금1,013,600,000원(금일십억일천삼백육십만원)
  - 사회적경제조직 금융지원비 750,000,000원 (※ 최대 10개 기업 선정)
    ☞ 사회성과 인센티브 5천만원 포함(중간평가 2.5천만원, 성과공유 2.5천만원)
  - 본 사업 수행을 위해 수반되는 운영비 등 263,600,000원 (부가세포함)
    ☞ 전문가 컨설팅(기업 당 연2회), 정기 간담회(연 1회), 공공기관 네트워킹(연 2회), 중간평가, 성과공유,
          홍보비, 인건비, 경비 등을 포함

    ※ 세부내용은 ‘제안요청서’ 참조
 
2. 신청자격
ㅇ 사회적경제조직에 대한 금융지원 및 경영 컨설팅 등 위탁업무에 적합한 전문 인력과 경험을 갖춘 법인
  - 사회적경제조직 지원대상의 사업계획서 또는 제안서에 대한 수익성 분석이 가능한 기관
  - 사회적금융에 관한 사무 수행에 필요한 인력 및 경험을 갖춘 기관
  - 사회적경제조직에 대한 신용평가, 재무분석, 보증설정 등 금융에 관한 전문성, 노하우 갖춘 역량 있는 기관
 
3. 신청서 제출
ㅇ 접수기간 : 2019년 11월 20일(수) ~ 12월 2일(월) 18:00 마감
ㅇ 접수방법 : 우편 및 온라인 접수
ㅇ 접 수 처 : 제주특별자치도 제주시 첨단로 213-4 제주첨단과학기술단지 엘리트빌딩 3층 홍보협력실
ㅇ 제출서류 : 제안요청서 참조
 
4. 수탁기관 선정
ㅇ 선정방법 : 서류 및 면접평가(사업계획 제안 설명 및 질의응답)
ㅇ 평가일정 및 장소 : 2019.12.06.(금), 14시 예정 / JDC 본사 중회의실 2
ㅇ 결과발표 : 선정기관 개별 통보
 
5. 기타 유의사항
ㅇ 공개모집과 관련하여 제출된 서류는 일체 반환하지 않음
ㅇ 공개모집에 응모하고자 하는 신청자는 JDC 홈페이지(www.jdcenter.com) 모집공고, 제안요청서 등 관련내용을 완전히 숙지하고
     공개모집에 임하여야 하며, 이를 숙지하지 못하여 발생한 사항에 대한 책임은 신청자에게 있음
ㅇ 제출된 서류의 내용이 사실과 다를 경우 수탁기관 선정을 무효로 할 수 있으며, 향후 공모참가 제한 등 제약을 받을 수 있음
ㅇ 문의안내
  - 담당자 : 제주국제자유도시개발센터 홍보협력실 홍단비 과장
  - 연락처 : ☎ 064)797-5764 이메일 : sweetrain@jdcenter.com
 
		"
2,"
				JDC 글로벌 인재 맞춤형 일자리 지원사업 'JDC 글로벌 챌린저 3기' 참여자 모집
			","


			           JDC 글로벌 인재 맞춤형 일자리 지원 사업 'JDC 글로벌 챌린저 3기' 참여자 모집 안내

제주국제자유도시개발센터는 제주출신 취업 준비생들에게 해외취업의 기회를 제공하여 글로벌 핵심인재로 양성하고자
JDC 글로벌 인재 맞춤형 일자리 지원 사업의  'JDC 글로벌 챌린저 3기' 참여자를 다음과 같이 모집합니다.
 
□ 모집개요
 ㅇ (지원내역) 해외취업 매칭,  어학 및 직무교육, 항공권(편도), 보험, 해외체재 지원금(80만원) 등
                      ※ 미국 취업 희망자는 일부 비자비용 발생
 ㅇ (참가자격) 해외취업을 희망하는 만 34세 미만 제주출신 혹은 제주지역 학교 졸업자  ※붙임 참조
                       ※ 본인 또는 부모님이 제주출신이면 누구나 지원 가능
 ㅇ (신청방법) www.globaljdc.com 접속  *신청서 작성
 ㅇ (신청기간) 2019년 12월 5일(목) 까지   * SMS 개별 문자 통지 예정
 ㅇ (지원절차) 서류전형->1차면접->2차면접->연수교육->출국
 ㅇ (집체교육) 2019.12.16.-12.20.(4박5일)   *장소:제주부영청소년 수련원
 ㅇ (문의안내) JDC 해외취업 사업부 02-6263-2283(주중 09:00-18:00)
		"
3,"
				불용물품(공용차량) 매각(38고 5868)
			","


			공고문 및 첨부서류를 참조하여 주시기 바랍니다.
		"
4,"
				JDC 이음일자리 플러스 '사회적경제 전문가 과정' 참여자 추가 모집
			","


			JDC 이음일자리 플러스 '사회적경제 전문가 과정' 참여자 추가 모집합니다.

자세한 사항은 첨부내용을 확인 부탁드립니다.
		"
5,"
				「JDC 제주관광 플랫폼 사업」관광콘텐츠 공모
			","


			「JDC 제주관광 플랫폼 사업」관광콘텐츠 공모
 
제주국제자유도시개발센터는 도내 마을 고유자원(역사, 문화, 생태 등)을 활용한 관광 콘텐츠 발굴을 통해 제주관광산업의 질적 성장을 도모하고,
관광일자리 창출 및 지역경제 활성화에 이바지 하고자「JDC 제주관광 플랫폼 사업」관광 콘텐츠를 공모하오니 많은 관심과 참여 바랍니다.
 
2019년 11월 13일
제주국제자유도시개발센터 이사장
 

1. 응모 대상사업
 
ㅇ 본 지원을 통해 관광객 유치가 가능하고, 지원 종료 후에도 지속적인 수익창출이 가능한 사업이면서,
 
- 마을이 보유하고 있는 고유의 자원(역사, 문화, 생태 등)을 활용하여 지역관광 산업의 질적 성장에 기여할 수 있는 사업
 
- 단, 현실가능성이 없는 사업(인허가가 어려움 사업 포함), 관광 활성화(관광객 이용분야)와 직접 관련이 없는 사업이라고 판단되는 사업은 제외
 
2. 응모자격
 
ㅇ 관광객을 대상으로 관광 관련 서비스를 제공하고 있거나 제공 예정인 도내 마을자생단체(고유번호증 보유) 또는 마을공동체 기반 사회적 경제분야 법인
    ※ 필수조건 및 제외대상 등 세부사항은 공모요강 참고
 
3. 지원규모
 
ㅇ 도내 3개 단체(법인) 이내
 
- 단체(법인)별 사업화 지원비 차등지원(40~70백만원, 최대 70백만원)
 
ㅇ 평가위원회 평가결과에 따라 지원 단체(법인)수 및 지원규모 확정
 
※ 평가결과에 따라 지원 단체(법인)이 없을 수 있음
 
ㅇ 지원금의 10% 이상 자부담 사업비를 반드시 확보하여야 함
 
ㅇ 지원항목, 지원방식, 지원금 지급 및 지원조건 등 세부사항은 공모요강 참고

4. 공고 및 접수기간
 
ㅇ 공고기간 : 2019.11.13.(수) ~ 12.6(금)
 
ㅇ 접수기간 : 2019.12.2.(월) ~ 12.6(금) 18:00 마감
 
5. 신청방법 및 제출서류
 
ㅇ 신청방법 : 우편 및 방문접수 * 우편접수 시 서류 제출 후 전화확인 필수
 
- 신청은 단체(법인)당 1개 과제만 가능
 
ㅇ 접 수 처 : 제주특별자치도 제주시 첨단로 213-4 제주첨단과학기술단지
                    엘리트빌딩 504호 관광사업처(☏ 064-797-5782)
 
ㅇ 제출서류 : 공모요강 참조
 
6. 선정방법 및 평가

ㅇ 선정방법 : 제출서류 및 발표평가(PT)
 
- 객관적이고 공정한 평가를 위하여 전문가로 구성된 평가위원회 운영
 
- 사업내용, 지속가능성 및 기대효과 등을 종합적으로 고려하여 평가위원회에서 평가 후 대상 선정
 
ㅇ 평가일정 및 장소 : 추후 개별통보
 
ㅇ 결과발표 : 선정 단체(법인) 개별 통보
 
7. 유의사항
 
ㅇ 공모와 관련하여 제출된 서류는 일체 반환하지 않음
 
ㅇ 공모에 신청하고자 하는 단체(법인)는 JDC 홈페이지를 통해 사업공모요강, 접수요령 등 관련내용을 숙지하고 공모에 임하여야 하며, 이를 숙지하지 못하여
    발생한 불이익 책임은 신청 단체(법인)에게 있음
 
ㅇ 본 사업의 신청과 관련된 일체의 소요비용은 신청 단체(법인) 부담
 
ㅇ 사업의 신청, 사업수행에 있어 관련 법령 및 규정, 약정서 등의 미숙지로 인한 불이익 책임은 신청 단체(법인)에게 있음
 
ㅇ 필요시 신청내용에 대한 확인자료 요청 또는 현지실사를 할 수 있으며, 신청 단체(법인)는 이에 응하여야 함
 
ㅇ 제출서류 상 허위사실이 발견되는 경우 평가대상에서 제외되며, 협약체결 이후 협약서의 내용이 허위로 작성된 사실이 발견되거나 협약서상 의무를 불이행할 경우
    지원결정 취소 및 지원금 환수, 향후 JDC에서 추진하는 공모참가가 제한될 수 있음
 
 
		"
6,"
				한예종과 함께하는 JDC 문화가득 프로그램 참여 요청
			","


			문화공간 <낭>을 거점으로 한국예술종합학교의 인프라를 활용해 도민에게 전문적이고 대중적이면서 특화된 문화예술교육 기회 제공을 위해 「한예종과 함께하는 JDC 문화가득 사업」을 추진합니다.
분야별 문화예술 교육 프로그램 참여자를 아래와 같이 모집하오니 많은 참여 바랍니다.
 
☐ 개 요
 
➀ 지역상생 프로젝트
< 영 상 편 >
ㅇ 개 강 일: 2019.11.30.(토)
ㅇ 모집기간: 2019.11.13.(수) ~ 24.(일)
ㅇ 지원대상: 기본적인 영상 제작 능력을 보유하고 블로그 활동을 사업화 하거나, 블로그 활동을 통해 기존의 사업을 확장하고자 하는 분
ㅇ 강의내용: 콘텐츠 고도화 지원을 위한 영상시나리오 작성 방법, 사진촬영 및 조명, 맞춤형 특강 및 멘토링
ㅇ 모집인원: 20명
ㅇ 교육시간: 매주 토요일 오후 4시 ~ 7시
ㅇ 준 비 물: 교육과정에 필요한 스마트폰 본인 지참
 
 
➁ 문화가득 프로젝트
< 연극놀이편>
ㅇ 개 강 일: 2019.11.30.(토)
ㅇ 모집기간: 2019.11.13.(수) ~ 24.(일)
ㅇ 지원대상: 5~7세 아동과 부모
ㅇ 모집인원: 유아 5~7세 15팀(30명) /2개 반(오전·오후) ※1팀 : 아동 1명 + 부모 1명
ㅇ 교육시간: 매주 토요일 오전 10시 ~ 12시 / 오후 4시 ~ 7시
 
< 미술레시피>
ㅇ 개 강 일: 2019.12.01.(일)
ㅇ 모집기간: 2019.11.13.(수) ~ 24.(일)
ㅇ 지원대상: 초등학교 1~3학년
ㅇ 모집인원: 20명 / 2개 반(오전·오후)
ㅇ 교육시간: 매주 일요일 오전 10시 ~ 12시 / 오후 4시 ~ 7시
 
 
※ 지원 방법은 https://cafe.naver.com/kartsedu 문화가득 모집공고의 지원서식을 다운받아 내용을 작성하여 ‘모집공고’ 게시판에 ‘글쓰기’(비공개)로 업로드
 
		"
7,"
				2019 디지털트윈 포럼 개최 안내
			","


"
8,"
				JDC 마을 공동체 사업 대국민 영상 공모전 개최
			","


			JDC가 추진하고 있는 마을 공동체 사업은 지역 소득증대를 위해 ‘마을기업’의 창립과 육성을 지원하는 사업입니다.
수혜 마을 공동체가 판매단계에 들어서며 온라인 마케팅 수요가 높아지고 있으나 물질적·기술적 어려움이 있는 상황으로
여러분의 반짝이는 아이디어가 담긴 영상을 활용하여 마을 단위의 경제적 자립을 지원하고자 합니다.
 
            

☐ 공모전 개요
 ㅇ 공모전명 : <JDC 마을 공동체 사업 영상 공모전>
 ㅇ 공모기간 : 2019년 11월 8일 ~ 11월 30일 17시까지 *발표 12월 중
 ㅇ 공모주제 : JDC 마을공동체 지원 사업 대상‘마을기업’홍보
 ㅇ 시상내역
  - 대 상 (1명) : JDC 이사장 표창 + 100만원 상금
  - 최우수상 (1명) : JDC 이사장 표창 + 50만원 상금
  - 우 수 상 (2명) : JDC 이사장 표창 + 20만원 상금
  - 참 가 상 (10명) : 기프티콘 1만원

☐ 응모개요
 ㅇ 필수사항 : 순수창작영상이며, 표절 또는 타 공모전 출품작 제외
 ㅇ 응모방법



·응모방법
			1. 제작영상을 개인 SNS에 게재 후 필수 해시태그 #JDC #JDC사회공헌 #마을기업명 기재
			2. 구글폼 지원서 접수 (지원서 내 해시태그URL 및 출품영상 URL 필수기재)
			  - 1차 심사를 위한 영상은 Youtube 등 온라인 채널에 게재한 링크를 지원서에 기재하여 제출
			  - 1차 심사 통과자는 영상의 원본을 이메일로 제출(추후 공지)



ㅇ 제작규격




·필수사항 : 순수창작영상이어야 하며, 표절, 타 공모전 제출 이력이 있는 작품은 응모 불가
			·영상형식 : 재생시간 및 형식 자유
			  예) CF, 브이로그, 웹드라마, 홍보영상 등 어떤 형식이든 제작 가능
			·최소규격 : 1920*1080(pixel) / mp4, avi (원본 제출 시)



 
마을기업 보러가기 : http://naver.me/FSNDF8KJ
공모전 지원하러 가기 : http://url.kr/kaehwh

 
		"
9,"
				제주첨단과학기술단지 입주기업 고용 등 현황 설문조사 협조 요청
			","


"
10,"
				JDC x AI 인공지능 아카데미 참가자 모집
			","



  □ 아카데미 개요

 ㅇ 일       시 : 2019년 11월 6일 ~ 12월 11일(매주 수요일) 19:00 ~ 20:30      * 간단한 다과 제공

 ㅇ 장       소 : 제주상공회의소 5층 국제회의실

 ㅇ 참여대상 : 희망하는 도민 누구나

 ㅇ 참가신청 : 온라인 사전신청(sec.jejunu.ac.kr) 또는 현장 신청

  - 90% 이상 참여시 수료증 발급

 ㅇ 문      의 : JDC 인공지능 아카데미 운영사무국(064-805-8832)
 
		"
11,"
				2019 JDC 이음일자리 플러스 참여자 모집
			","


			자세한 내용은 붙임의 파일을 확인하여 주시기 바랍니다.
		"
12,"
				[JDC 드론 시범사업 사업자 공모] 심사결과 알림
			","


			 「JDC 드론 시범사업 사업자 공모」에 참여해주신 분들께 감사드리며 심사결과를 다음과 같이 알려드립니다.

(평가일시) 2019년 10월 22일
(평가결과) 우선협상대상자 선정



구 분
업체명
비고


분야 1(사업연계)
㈜파블로항공
-


분야 2(공공서비스)
드론버스
제주업체




※ 문의처 : (064)797-5769(538)

 
		"
13,"
				2019 JDC 마을공동체사업 공모
			","


			자세한 공고 내용은 붙임의 파일을 확인하여 주시기 바랍니다.
		"
14,"
				2019 제주 ICT 페스티벌 개최 안내(11.09.(토), 제주대학교 체육관)
			","




문의 : JDC 첨단사업처(064-797-5526) / 제주ICT기업협회(064-755-3321)
		"
15,"
				2019 JDC 복지시설 특장차량 지원 사업 공모
			","


			제주국제자유도시개발센터는 사회복지서비스 시설에의 접근성을 높이고 교통약자의 이동 편의를 증진시키기 위하여 「JDC 복지시설 특장차량 지원 사업 공모」를 진행하오니 많은 관심과 참여 바랍니다.

1. 지원내용
 ⚬ 특장차량(중형승합차) 구입비 지원 (총 5대/시설 당 1대)
  - 조달청 나라장터를 통한 수혜자(사회복지법인·시설 등) 직접 구매방식(※세부사항은 추후 안내 예정)

2. 지원 대상
 ⚬ 교통약자 및 시설이용자 대상 직접서비스를 제공하는 사회복지법인·시설 등(제주지역)
  - 사회복지사업법 제2조(정의)에 따른 사회복지법인·시설 등(제주지역)
  - 2016년 1월 1일 이전 설립(허가) 완료된 사회복지법인·시설 등(제주지역)

3. 지원 제외대상
 ⚬ 수익을 주된 목적으로 하는 사회복지법인·시설 등
 ⚬ 정치 및 종교적 목적으로 이용될 수 있는 경우
 ⚬ JDC에서 이미 차량 지원을 받은 경우
 ⚬ 공고일 기준 최근 3년 이내 타기관으로부터 차량을 지원 받은 사회복지법인·시설 등(차량 종류 무관)

4. 공고 및 서류 접수기간
 ⚬ 2019. 10. 21.(월) ∼ 2019. 11. 8.(금) 18:00 까지

5. 제출서류
 ⚬ 신청서류 : 공모신청서, 특장차량 운영계획서, 개인정보 수집·이용 동의서(붙임양식 참조)
 ⚬ 증명서류 : 사회복지시설신고증, 사업자등록증 또는 고유번호증 사본 각 1부
 ⚬ 기타서류 : 차량등록증 및 차량 비품대장 사본 각 1부, 보유차량 내·외관 및 주행계기판 사진 각 1부

6. 서류접수
 ⚬ 접수방법 : 등기우편 발송(방문접수 불가)
 ⚬ 접 수 처 : 제주특별자치도 제주시 첨단로 213-4 엘리트빌딩 3층 제주국제자유도시개발센터 홍보협력실
 ⚬ 문 의 처 : 제주국제자유도시개발센터 홍보협력실(064-797-5570)
 ⚬ 참고사항
  - 접수기간 이후 서류도착 및 제출서류 미비 시 심사대상에서 제외
  - 제출된 서류 반환 불가

7. 적격 심사와 평가
 ⚬ 심사방법 : 담당자 서류 확인을 통한 적격 여부 심사
 ⚬ 평가방법 : 평가위원회(내·외부 평가위원)가 운영계획서를 정량·정성 평가

8. 결과발표
 ⚬ 결과발표 : 2019. 11월 중 홈페이지 공고 및 개별 연락

9. 유의사항
 ⚬ 차량 등록비, 탁송료, 세금 및 보험료 등은 수혜자(사회복지법인·시설 등) 자부담
 ⚬ 신청내용은 사실에 근거하여야 하며, 관련서류 미제출·허위기재 및 신청내용이 사실과 다를 경우 지원 취소 및 차량 환수
 ⚬ 수혜시설명(사회복지법인·시설 등) 이외 개인 및 대표자 명의로 등록 금지
  - 특장차량 구입 후 차량등록증 제출 요청 예정
 ⚬ JDC와 사전 협의 없는 차량 매각, 등록말소, 폐차, 제3자에 대한 권리이양, 대여, 담보 및 교환 불가
 ⚬ 차량 내·외관에 대한 불법적 용도 변경과 디자인 변경 불가
  - 제작된 디자인 이외 기관명, CI, 전화번호 등 추가 부착 불가
 ⚬ 사업 목적 외, 위법행위, 정치·종교적 목적, 영리목적으로 사용 불가
 ⚬ JDC는 지원 차량 유무에 대한 현장 실사를 할 수 있고, 이와 관련하여 JDC에서 차량에 대한 중간 점검 요청을 할 수 있음
 
2019년 10월 21일
제주국제자유도시개발센터 이사장
 
 
		"
16,"
				JDC 글로벌 인재 맞춤형 일자리 지원 사업 위탁운영기관 모집 공고
			","


			                               JDC 글로벌 인재 맞춤형 일자리 지원 사업 위탁 운영기관 모집 공고
 
제주국제자유도시개발센터는 제주출신 취업 준비생들에게 해외취업의 기회를 제공하여 글로벌 핵심인재로 양성하고자
JDC 글로벌 인재 맞춤형 일자리 지원 사업의 위탁 운영기관 모집을 다음과 같이 공고합니다.
                                                                                                                                                                  2019년 10월 18일
                                                                                                                                        제주국제자유도시개발센터 이사장
 
1. 사업개요
 ㅇ (사 업 명) JDC 글로벌 인재 맞춤형 일자리 지원 사업 위탁운영기관 공개모집
 ㅇ (사업기간) 협약일로부터 2020년 12월 31일
 ㅇ (지원대상) 제주출신 청년 80명 이내 ※ 취약계층 20% 포함
 ㅇ (취업목표) 지원대상 중 해외취업 목표 65명
 ㅇ (위탁업무) 열정과 잠재력이 있는 청년을 대상으로 해외진출에 필요한 역량을 제고하여 해외취업 및 정착할 수 있도록 지원
     ※ 세부 과업내용은 ‘제안요청서’ 참조
 ㅇ (사업예산) 금500,000,000원(금오억원)
 
2. 신청자격
 ㅇ 고용노동부에 (유료)직업소개사업소로 등록하고, 사업자등록증 상 종목에 ‘국외(유료)직업소개소’를 포함하고 있는 해외 취업교육·해외 취업지원 전문 사업자
 
3. 신청서 제출
 ㅇ 접수기간 : 2019년 10월 18일(금) ~ 11월 1일(금) 18:00 마감
 ㅇ 접수방법 : 우편 및 온라인 접수
 ㅇ 접 수 처 : 제주특별자치도 제주시 첨단로 213-4 제주첨단과학기술단지 엘리트빌딩 3층 홍보협력실
 ㅇ 제출서류 : 제안요청서 참조

4. 위탁 운영기관 선정
 ㅇ 선정방법 : 서류 및 면접평가(사업계획 제안 설명 및 질의응답)
 ㅇ 평가일정 및 장소 : 2019.11.06.(수), 14시 예정 / JDC 본사 중회의실 2
 ㅇ 결과발표 : 선정기관 개별 통보
 
5. 기타 유의사항
 ㅇ 공개모집과 관련하여 제출된 서류는 일체 반환하지 않음
 ㅇ 공개모집에 응모하고자 하는 신청자는 JDC 홈페이지(www.jdcenter.com) 모집공고, 제안요청서 등 관련내용을 완전히 숙지하고 공개모집에 임하여야 하며, 이를 숙지하지 못하여 발생한 사항에 대한 책임은 신청자에게 있음
 ㅇ 제출된 서류의 내용이 사실과 다를 경우 수탁기관 선정을 무효로 할 수 있으며, 향후 공모참가 제한 등 제약을 받을 수 있음
 ㅇ 문의안내
   - 담당자 : 제주국제자유도시개발센터 홍보협력실 홍단비 과장
   - 연락처 : ☎ 064)797-5764 이메일 : sweetrain@jdcenter.com
 
		"
17,"
				JDC 소셜벤처 지원사업 ‘낭그늘’위탁운영기관 모집 재공고
			","

                                                                        JDC 소셜벤처 지원사업 ‘낭그늘’ 위탁운영기관 모집 재공고
 
제주국제자유도시개발센터는 제주도 내 사회적경제 소셜벤처 발굴하고 혁신조직 성장 지원을 통한 지역 생태계 활성화 및 사회적 가치 실현을 위하여
JDC 소셜벤처 지원사업 ‘낭그늘’을 위탁하고자 다음과 같이 재공고합니다.
                                                                                                                                                                                                                2019년 9월 26일
                                                                                                                                                                                      제주국제자유도시개발센터 이사장
 
1. 사업개요
 ㅇ (사 업 명) JDC 소셜벤처 지원사업 ‘낭그늘’
 ㅇ (사업내용)
   - 소셜벤처의 혁신성장 촉진을 위해 교육, 금융(투자), 기술개발, 컨설팅, 판로개척 등 분야별, 단계별 맞춤형 지원을 통해 창업 성공률 제고
   - 개별 소셜벤처 솔루션 지원과 함께 제주의 특징과 제주의 자원 연계로 부가가치 창출 가능한 집합적 임팩트 프로젝트 공동 수행 지원
   - 제주혁신성장센터 내 ‘낭그늘‘(A동 1층 약 170평)을 중심으로 소셜벤처 창업ㆍ성장 및 성공사례 창출의 중심지(HUB)로 강화
     ※ 세부내용은 ‘제안요청서’ 참조
 ㅇ (사업기간) 협약일로부터 2022년 12월 31일
     ※ 각 연차별 사업 종료 후 성과평가를 통해 위탁운영기관과의 사업연속 여부 결정
 ㅇ (지원대상) 제주지역 사회 문제해결이 사업목적인 소셜벤처(예비 창업자 포함)
   - 일자리 및 사회서비스 창출을 수반하는 제주의 장점과 특색을 살린 문화, 예술, 환경, 도시재생 등 제주형 사업 및 JDC 특징에 부합하는 사업
 ㅇ (사업금액) 860백만원 * 협약일로부터 13개월 계약 분
     ※ 2회차 사업비는 상호 협의로 결정 하며 추후 예산편성 및 심의 과정 시 변경 가능

2. 신청자격  ※ 제안요청서 참조
 ㅇ 제주지역 사회적경제 소셜벤처 지원사업 운영을 위해 창업기업 발굴, 멘토링, 투자유치 등 액셀러레이팅 업무수행 조건을 만족하는 국내 법인
 
3. 신청서 제출
 ㅇ 공고기간 : 2019년 9월 26일(목) ~ 10월 7일(월)
 ㅇ 접수기간 : 2019년 9월 30일(월) ~ 10월 7일(월) 18:00 마감
 ㅇ 접수방법 : 우편 및 방문접수
 ㅇ 접 수 처 : 제주특별자치도 제주시 첨단로 213-4 제주첨단과학기술단지 엘리트빌딩 3층 홍보협력실
 ㅇ 제출서류 : 제안요청서 참조
 
4. 위탁운영기관 선정
 ㅇ 선정방법 : 서류 및 면접심사(사업계획 제안 설명 및 질의응답)
 ㅇ 평가일정 : 2019.10.11.(금), 14시 예정
 ㅇ 평가장소 : 제주혁신성장센터 A동 1층 낭그늘 세미나실
   ※ 평가일정 및 장소 변경 시 개별 통보
ㅇ 결과발표 : 선정기관 개별 통보
 
5. 기타 유의사항
 ㅇ 공개모집과 관련하여 제출된 서류는 일체 반환하지 않음
 ㅇ 공개모집에 응모하고자 하는 신청자는 JDC 홈페이지(www.jdcenter.com) 모집공고, 제안요청서 등 관련내용을 완전히 숙지하고 공개모집에
      임하여야 하며, 이를 숙지하지 못하여 발생한 사항에 대한 책임은 신청자에게 있음
 ㅇ 제출된 서류의 내용이 사실과 다를 경우 위탁기관 선정을 무효로 할 수 있으며, 향후 공모참가 제한 등 제약을 받을 수 있음
 ㅇ 문의안내
   - 담당자 : 제주국제자유도시개발센터 홍보협력실 홍단비 과장
   - 연락처 : ☎ 064)797-5764 이메일 : sweetrain@jdcenter.com
 
		"
18,"
				JDC 드론 시범사업 사업자 공모(재공모) 공고
			","

「JDC 드론 시범사업 사업자 공모(재공모)」
제주국제자유도시개발센터는 제주 공역을 활용한 드론 기술을 검증하고 사업 모델을 발굴하고자 ‘JDC 드론시범사업 사업자 공모(재공모)’를 추진하오니 많은 관심과 참여 바랍니다.
2019년 9월 25일
제주국제자유도시개발센터 이사장
 
1) 사업설명
• 사 업 명 : JDC 드론 시범사업 사업자 공모(재공모)
• 사업내용 : 제주 공역을 활용한 드론 기술 검증 및 사업모델 발굴
• 사업기간 : 협약체결일로부터 120일
• 실증지역 : 제주도 공역(비행금지구역 제외), 시범사업 공역(항공우주박물관 인근)
• 공모분야 : ※ 자세한 사항은 공모안내서 참고
 ▶사업연계분야 : JDC 기존사업과 연계하여 활용가능하거나 신규사업으로 추진 가능한 분야
• 수행방법 : 제주 공역을 활용한 사업별 실증시나리오 설정, 이에 따른 적정테스트와 성과지표 도출을 통한 기술 실증 및 사업모델 발굴
• 선정방법 : 공모를 통한 대상자 선정(평가 후 협약체결)
• 사업예산 : 총 금45,000,000원(부가세 포함)_1개업체 선정(사업비 45백만원 내 조정)
• 평가방법 : 정량평가(20점), 정성평가(80점)_제안설명(발표)평가 포함
 
2) 접수설명
• 참여자격 : 드론 신기술 분야 전문인력을 보유하고 경험을 갖춘 전문기관
• 접수기간 : 2019.09.25.(수) ~ 2019.10.08.(화)  17:00 / 14일간
• 접수방법 : 방문 및 우편접수
• 유의사항 :
 ▶공모안내서 참고 후, 공모신청서 양식에 맞게 작성
 ▶기접수 업체 중복지원 불가
• 기타문의 : 064.797.5538(5769)
 
※참고
[ JDC 사업 ]
- 첨단과학 : 제주첨단과학기술단지, 제주첨단과학기술단지 2단지
- 교육 : 영어교육도시
- 관광 : 신화역사공원, 제주항공우주박물관
- 의료 : 헬스케어타운
- 주택 : 공공임대주택
- 면세 : JDC 지정면세점
- 기타 : 미래사업(업사이클링 클러스터, 스마트시티 실증단지, 전기자동차 시범단지, 첨단 농식품 단지, 드론사업, 국제화사업)
 
[ 실증부문(예시) ]
- 물품 수송 : 화물운반, 재난지역 및 격오지 구호품․의료품 전달
- 산림 보호 및 재해 감시 : 산불예방, 잔불조사, 병충해 진단 등
- 시설물 안전진단 : 교량, 철도, 건물, 고압 송전선 등 안전진단
- 국토조사 및 순찰 : 측량, 국토조사, 민원 및 재난현장 조사 등
- 해안 및 접경지역 관리 : 불법어로, 해안선 안전 감시 등
- 통신망 활용 무인기 제어 : 통신능력, 제어기술 및 영상 스트리밍, 충돌회피, 식별 등
- 촬영,레저,스포츠,광고 : 사진촬영,취미,오락,게임,광고 등
- 다중 동시 임무수행 : 자동, 자율비행 기술을 활용한 다중 임무수행, 드론아트쇼 등
- 기타(항공방제 등 농업분야 활용, 신규 사업분야 등)
		"
19,"
				2019 평화의 섬 제주, JDC Book Fair 개최 안내(10.12(토)), 영어교육도시 배움의 길)
			","



ㅁ 축제 개요 

ㅇ 축 제 명 : 2019 평화의 섬 제주, JDC Book Fair
ㅇ 일 시 : 2019. 10. 12(토) 11:00 ~ 18:00
ㅇ 장 소 : 영어교육도시 배움의 길
ㅇ 추진컨셉 : 평화의 섬 ‘제주’ 속 항쟁의 역사를 들여다보다
ㅇ 참여대상 : 도내 학생, 학부모, 도민 등
ㅇ 주       최 : 제주국제자유도시개발센터(JDC)
 * 플리마켓은 제주도청 영어교육도시지원팀에서 주최
ㅇ 후      원 : 제주도교육청
ㅇ 프로그램 : 북콘서트, 초청강연, 청소년 문학공모전, 영어 스피치 대회, 영어 토론대회, 출판사 및 서점 부스, 가족 골든벨 퀴즈대회, 헌 책 줄께, 새 책 다오, 플리마켓, 제주항공우주박물관 체험부스 등
 

* 청소년 문학공모전, 영어스피치대회, 영어토론대회, 가족골든벨 퀴즈대회 참가 관련 JDC 홈페이지(www.jdcenter.com) 공지사항 참조


*문의 : JDC 교육도시처(064-797-5654) / 2019 평화의 섬 제주, JDC Book Fair 운영사무국(064-744-0337)


 
		"
20,"
				2019 제주신화페스티벌 개최 알림 / 10.4.(금) ~ 10.6.(토) /
			","


http://jejumyth.co.kr 홈페이지

□ 축제 개요
ㅇ 축 제 명 : 2019년 제주신화페스티벌
ㅇ 축제 기간 : 2019. 10. 4(금) ~ 10. 6(일) 3일간
ㅇ 슬 로 건 : “나는 어떤 신을 닮았을까?”
ㅇ 참석 대상 : 제주도민, 도내 거주 외국인 및 국·내외 관광객
ㅇ 축제 장소 : 항공우주박물관 (J지구)
ㅇ 주        최 : 제주국제자유도시개발센터(JDC)

□ 축제  일정 및 프로그램


*문의 : JDC 관광사업처 064-787-5745
            운영사무국 064-742-0101
		"
21,"
				제주첨단과학기술단지 스마트빌딩 임대공고
			","

ㅇ공고일정
 - 입주신청서접수 : 2019.09.20.(금) ~ 2019.10.07.(월)
   ※우편, 방문 접수
 - 입주심사 : 2019.10.11.(금) 예정
  *입주심사위원회 일정에 따라 변경가능
 - 입주적격통보 : 입주심사 후 7일 이내
 -  계약체결 : 입주적격 통보 후 10일 이내
 - 입주시작 : 협의 후 결정
 
ㅇ접수처
 - 신청은 접수 마감시일까지 우편 및 방문접수에 한하며 접수주소 및 문의처는 아래와같음
   제주특별자치도 제주시 첨단로 213-4 제주첨단과학기술단지 엘리트빌딩 1층 104호 첨단사업처 김영진 차장
   전화문의 : 064)797-5526, 전송(FAX) : 064)797-5670, E-mail : yjkim@jdcenter.com
 
ㅇ제출서류
- 제출서류는 입주 안내서를 참조바라며 신청서식 다운로드는 아래 사이트에서 가능함
   한국산업단지공단 공장설립정보망 홈페이지 www.femis.go.kr
   제주국제자유도시개발센터 홈페이지 www.jdcenter.com > 공지사항
   제주첨단과기단지 홈페이지 www.jeju-sp.com > 공지사항
 
자세한 사항은 임대공고문과 입주안내서를 참고하여 주시기 바랍니다.
"
22,"
				(~10.11 접수기간 연장) 2019 평화의 섬 제주,  JDC Book Fair 가족 골든벨 퀴즈대회 참가 안내
			","

국토교통부 산하 공기업인 제주국제자유도시개발센터(JDC)가 청명하고 풍성한 가을, 역사의식을 고취하고, 독서의 생활화를 장려하기 위해 가족 골든벨 퀴즈대회를 아래와 같이 개최하오니 학생 및 가족 여러분들의 많은 관심과 참여를 바랍니다.
 
□ 가족 골든벨 퀴즈대회 개요

 ㅇ 대회 주제 :‘역사’ ‘책’ 관련 주제
 ㅇ 참가 자격 : 가족 50팀(보호자 1인 및 자녀 1인, 2인 1팀)
  * 연령제한 없음
 ㅇ 운영 방식
  - 지원자는 4.3사건 유적지, 국내ㆍ외 독립운동 유적지 중 1곳을 선정하여 가족여행계획을 작성 후 참가신청서와 함께 제출
  - Book Fair 행사 당일 역사 및 책 관련 퀴즈*대회를 개최, 최종 3팀 선발
   * OX 퀴즈 및 객관식, 주관식 문제 출제 서바이벌 방식
  - 수상팀은 가족여행 후 결과 보고서* 제출 필수
   * 북페어 행사 후 2달 이내 제출 필수(사진 포함). 보고서는 JDC 사보 게재 예정
 
□ 공모 개요

 ㅇ 응모기간 : ~ 2019. 10. 11(금), 15:00 
 ㅇ 제출서류 : 참가신청서 및 가족여행계획서 양식
 ㅇ 접수방법 : 전자우편 접수(ojh3969@naver.com)

□ 시상 개요

 ㅇ 시상일시 : 2019. 10. 12.(토), 행사장 현장 발표
 ㅇ 시상장소 : 2019 평화의 섬 제주, JDC Book Fair 행사장(서귀포시 대정읍 영어교육도시 일원/최종 장소 추후 공지)
 ㅇ 시 상
    - 1등, 100만원
    - 2등, 50만원
    - 3등, 30만원
  * 부상에 따른 제세공과금은 수상자 부담

※ 문 의 : 2019 평화의 섬 제주, JDC Book Fair 운영사무국(064-744-0337)
 
		"
23,"
				(~10.11 접수기간 연장)2019 평화의 섬 제주, JDC Book Fair 영어 토론대회 참가 안내
			","

국토교통부 산하 공기업인 제주국제자유도시개발센터(JDC)가 청명하고 풍성한 가을, 청소년들이 논리와 지식을 기반으로 영어로 자기 생각을 논리적으로 표현하는 글로벌 소통의 장을 마련합니다. 이와 관련하여 도내 고등학생 여러분의 많은 관심과 참여를 바랍니다.
 
□ 영어 토론대회 개요

 ㅇ 토론 주제 : 현장 발표
 ㅇ 참가 자격 : 제주도내 고등학교에 재학 중인 학생(3명 1팀)
 ㅇ 운영 방식 : 의회식 영어토론(Parliamentary Debate)
  * 토론당 제한시간 15분(팀당 서두발언:2분, 반론 및 입장개진:4분30초, 결론:1분)
  - (서류) 참가신청서 접수 * 선착순 8팀 접수
  - (본선) 북페어 행사 당일 진행, 토너먼트 방식 진행(8강-4강-결승)

□ 공모 개요
 
 ㅇ 응모기간 :  ~ 2019. 10. 11(금), 15:00
 ㅇ 제출서류 : 참가신청서
 ㅇ 접수방법 : 전자우편 접수(ojh3969@naver.com)
 
□ 시상 개요
 
 ㅇ 시상일시 : 2019. 10. 12.(토), 행사장 현장 발표
 ㅇ 시상장소 : 2019 평화의 섬 제주, JDC Book Fair 행사장(서귀포시 대정읍 영어교육도시 일원/최종 장소 추후 공지)
 ㅇ 시 상
  - 대상(1팀), 30만원, JDC이사장상
  - 최우수상(1팀), 20만원, JDC이사장상
  - 우수상(1팀), 10만원, JDC이사장상

* 부상에 따른 제세공과금은 수상자 부담입니다.

※ 문 의 : 2019 평화의 섬 제주, JDC Book Fair 운영사무국(064-744-0337)
 
		"
24,"
				(~10. 11 접수기간 연장)2019 평화의 섬 제주,  JDC Book Fair 영어 스피치 대회 참가 안내
			","

국토교통부 산하 공기업인 제주국제자유도시개발센터(JDC)가 청명하고 풍성한 가을, 청소년들의 글로벌 의식 함양과 세계화의 발판이 될 영어 스피치대회를 아래와 같이 마련합니다. 이와 관련하여 도내 초·중학생 여러분의 많은 관심과 참여를 바랍니다.
 
□ 영어 스피치 대회 개요
 ㅇ 스피치 주제 : ‘4.3사건’ ‘독립운동’ ‘평화’ ‘역사’관련 자유 주제
 ㅇ 참가 자격 : 제주도 내 초등학교 및 중학교에 재학 중인 학생
 ㅇ 운영 방식
  - (서류) 참가신청서 및 국문 및 영문 원고(3분 분량)를 제출
  - (예선) 제출 원고로 예선 진행 *신청인원이 저조할 경우 예선 생략 가능
  - (결선) 북페어 행사 당일날 진행되며 현장 스피치(3분)으로 구성
    * 결선 진출자에게 대회 장소 및 시간 개별 통보
 
□ 공모 개요
 ㅇ 응모기간 :  ~ 2019. 10. 11(금), 15:00
 ㅇ 제출서류 : 참가신청서 및 국문, 영문 원고
 ㅇ 접수방법 : 전자우편 접수(ojh3969@naver.com)

□ 시상 개요
 ㅇ 시상일시 : 2019. 10. 12.(토), 행사장 현장 발표
 ㅇ 시상장소 : 2019 평화의 섬 제주, JDC Book Fair 행사장(서귀포시 대정읍 영어교육도시 일원/최종 장소 추후 공지)
 ㅇ 시 상
  - 초등부(1명), 30만원, JDC이사장상
  - 중등부(1명), 30만원, JDC이사장상 
  * 부상에 따른 제세공과금은 수상자 부담입니다.
 
※ 문 의 : 2019 평화의 섬 제주, JDC Book Fair 운영사무국(064-744-0337)
 
		"
25,"
				(~10.9 접수기간 연장) 2019 평화의 섬 제주, JDC Book Fair 청소년 문학 공모전 참가 안내
			","

국토교통부 산하 공기업인 제주국제자유도시개발센터(JDC)가 청명하고 풍성한 가을, 청소년 문학 활성화를 위해 아래와 같이 공모전을 추진하오니 도내 학생 여러분의 많은 관심과 참여를 바랍니다.
 
□ 공모전 개요
 
 ㅇ 공모부문 : 시
 ㅇ 참가자격 : 제주도 내 초등학교, 중학교 및 고등학교에 재학 중인 학생
 ㅇ 응모주제 : ‘4.3사건’ ‘독립운동’ ‘평화’ ‘역사’ 관련 자유 주제
 ㅇ 응모기간 : 2019. 09. 18(수) ~ 2019. 10. 09(수)
 ㅇ 제출서류 : 참가신청서 및 출품작
 ㅇ 출품 형식 및 분량
  - 자유 형식 / A4 2장 이내 자유 분량
  - 제목 : HY중고딕 25포인트 / 지은이 및 내용 : 휴면명조 15포인트
 ㅇ 접수방법 : 전자우편 접수(ojh3969@naver.com)

※ 응모 작품 수 및 응모작의 수준에 따라 시상을 가감할 수 있습니다.
※ 부상에 따른 제세공과금은 수상자 부담입니다.
※ 타 공모전에 출품되지 않은 순수창작물에 한하여 출품 가능합니다.
※ 모방 또는 차용, 기 공모전 출품작으로 확인되는 경우 수상이 취소되며 상금은 환수조치 됩니다.
※ 응모 요강에 준하지 않는 출품작은 심사 대상에서 제외될 수 있습니다.
※ 출품된 작품의 저작권은 출품자 ( 창작자 ) 에게 있습니다. 다만 , 이번 수상작은 본 행사 진행 중 전시와 홍보 관련하여 자유이용허락 (CCL) 이 될 수 있음을 공지 드립니다.
 
□ 시상 개요
 ㅇ 수상자 발표 : 2019. 10. 10.(목), 개별통보
 ㅇ 시 상 일 시 : 2019. 10. 12.(토)
 ㅇ 시 상 장 소 : 2019 평화의 섬 제주, JDC Book Fair 행사장(서귀포시 대정읍 영어교육도시 배움의 길 일원/최종 장소 추후 공지)
 ㅇ 시 상
  -  초등부(1명), 30만원, 도교육감상
  -  중등부(1명), 30만원, 도교육감상
  -  고등부(1명), 30만원, 도교육감상
  * 부상에 따른 제세공과금은 수상자 부담입니다.

※ 문 의 : 2019 평화의 섬 제주, JDC Book Fair 운영사무국(064-744-0337)
 
		"
26,"
				2019 JDC 글로벌 인재육성 해외인턴십(전국) 모집공고
			","

 2019 JDC 글로벌 인재육성 해외인턴십(전국)

 □ 사업목적
 ㅇ 제주국제자유도시개발센터(JDC)는 열정과 잠재력이 있는 “제주출신의 전국 대학생”을 대상으로 해외 인턴십을 통해 국제적인 마인드와 역량을 갖춘 글로벌 인재를 양성하고자 「JDC 글로벌 인재육성 해외인턴십 프로그램(전국)」을 진행합니다.
 
 □ 모집대상
 ㅇ 제주 출신 전국지역 대학생으로 아래 요건에 한 가지 이상 충족하는 청년
  - 부모 또는 본인이 제주도내 중학교 이상 졸업 및 제주특별자치도에 주소지를 두고 거주하고 있는 자
  - 부모 또는 본인이 공고일 기준 주민등록상 주소지를 제주특별자치도로 3년 이상 거주했던 이력이 있는 자
 ㅇ 인턴십 참여 및 비자 발급에 결격사유가 없는 자
 ㅇ 저소득층 및 취업취약계층 20%내외 우선 선발
  * 제주지역 고등학교 졸업 후 타지역 대학 재학생 및 졸업예정자 참여가능

 □ 지원자격
 ㅇ 미국 : 토플기준 IBT 80이상, IELTS 6.5이상 또는 이에 상당하는 어학실력을 갖춘 자
 ㅇ 베트남 : 토익기준 650점 이상 또는 이에 상당하는 어학실력을 갖춘 자
 
 □ 인턴십 진행국가 및 분야 및 선발인원
 ㅇ 미국 – 디즈니월드 인턴십 (24주)
 ㅇ 베트남 – 호텔,관광서비스 분야 전문 인턴십 (16주)
 
 □ 선발인원 : 30명(미국 20명, 베트남 10명)
 
 □ 지원내역
 ㅇ 항공료(왕복), 해외보험료, 비자비용, 국내 교육 및 현지 교육비, 체제비 일부
  * 저소득층 참여시 체제비 추가 지원
 
 □ 모집일정 및 신청방법
 ㅇ 모집일정 : 2019년 9월 27일(금) 까지
 ㅇ 신청방법
  - http://www.jdcintern.co.kr 홈페이지에서 신청 가능
  (홈페이지 접속 후 신청서 다운로드 후 지원하기 신청)
  * 우선선발 대상자(저소득층) 증빙서류는 스캔 후 이메일 첨부 제출 (지원금 제공시 제출)
 
  ※ 기타 궁금하신 사항은 GHR 총괄담당자(010-2293-2278 / shh@ghr.or.kr)에 문의
 
		"
27,"
				JDC 고문변호사 공개모집 알림
			","

제주국제자유도시개발센터에서는 다각적인 법률적 검토 기반 마련을 통해 기관의 법률적 위험관리를 강화하기 위해 고문변호사를
아래와 같이 선임하고자 하오니 많은 관심과 참여 바랍니다.
2019년 9월 16일


□ 선임개요
ㅇ (선임인원) 1명
ㅇ (자격요건) 다음 각 호의 어느 하나에 해당하는 자
    1. 변호사 자격이 있는 사람
    2. 법무법인(법무법인(유한), 법무조합, 법률사무소 포함)
    3. 정부법무공단
ㅇ (위촉기간) 위촉일로부터 2년
ㅇ (모집기간) 2019.09.16.(월)~2019.09.30.(월)
ㅇ 고문변호사 활용범위
   1. 법령·규정의 해석 및 적용에 관한 사항
   2. 소송 및 소송수행에 관한 사항
   3. 법령·규정 등의 제·개정에 관한 사항
   4. 기타 개발센터 소관업무와 관련한 법리적 판단에 관한 사항

□ 신청 및 선정방법
ㅇ (신청방법) 이력서, 직무수행계획서(첨부파일의 서식 참고) 작성 후 담당자 이메일(yjulli@jdcenter.com)로 제출
  - 제출기한: 2019.09.30.(월) 오후 5시
  - 제출서식: 이력서 1부, 직무수행계획서 1부(첨부파일 서식 참고)
  - 담 당 자: 법무팀 대리 김영주(☎064-797-5541)
ㅇ (선정방법) 서류심사 후 10월 초 JDC홈페이지에 공지 예정
"
28,"
				JDC 소셜벤처 지원사업 ‘낭그늘’ 위탁운영기관 공개모집
			","


			 
                                                 JDC 소셜벤처 지원사업 ‘낭그늘’ 위탁운영기관 모집 공고
 
제주국제자유도시개발센터는 제주도 내 사회적경제 소셜벤처 발굴하고 혁신조직 성장 지원을 통한 지역 생태계 활성화 및 사회적 가치 실현을 위하여
JDC 소셜벤처 지원사업 ‘낭그늘’을 위탁하고자 다음과 같이 공고합니다.
                                                                                                                                                                                                                   2019년 9월 9일
                                                                                                                                                                                     제주국제자유도시개발센터 이사장
 
1. 사업개요
ㅇ (사 업 명) JDC 소셜벤처 지원사업 ‘낭그늘’
ㅇ (사업내용)
  - 소셜벤처의 혁신성장 촉진을 위해 교육, 금융(투자), 기술개발, 컨설팅, 판로개척 등 분야별, 단계별 맞춤형 지원을 통해 창업 성공률 제고
  - 개별 소셜벤처 솔루션 지원과 함께 제주의 특징과 제주의 자원 연계로 부가가치 창출 가능한 집합적 임팩트 프로젝트 공동 수행 지원
  - 제주혁신성장센터 내 ‘낭그늘‘(A동 1층 약 170평)을 중심으로 소셜벤처 창업ㆍ성장 및 성공사례 창출의 중심지(HUB)로 강화
    ※ 세부내용은 ‘제안요청서’ 참조
ㅇ (사업기간) 협약일로부터 2022년 12월 31일
    ※ 각 연차별 사업 종료 후 성과평가를 통해 위탁운영기관과의 사업연속 여부 결정
ㅇ (지원대상) 제주지역 사회 문제해결이 사업목적인 소셜벤처(예비 창업자 포함)
  - 일자리 및 사회서비스 창출을 수반하는 제주의 장점과 특색을 살린 문화, 예술, 환경, 도시재생 등 제주형 사업 및 JDC 특징에 부합하는 사업
ㅇ (사업금액) 860백만원 * 협약일로부터 13개월 계약 분
    ※ 2회차 사업비는 상호 협의로 결정 하며 추후 예산편성 및 심의 과정 시 변경 가능

2. 신청자격 ※ 제안요청서 참조
ㅇ 제주지역 사회적경제 소셜벤처 지원사업 운영을 위해 창업기업 발굴, 멘토링, 투자유치 등 액셀러레이팅 업무수행 조건을 만족하는 국내 법인
 
3. 신청서 제출
ㅇ 공고기간 : 2019년 9월 9일(월) ~ 9월 20일(금)
ㅇ 접수기간 : 2019년 9월 16일(월) ~ 9월 20일(금) 18:00 마감
ㅇ 접수방법 : 우편 및 방문접수
ㅇ 접 수 처 : 제주특별자치도 제주시 첨단로 213-4 제주첨단과학기술단지 엘리트빌딩 3층 홍보협력실
ㅇ 제출서류 : 제안요청서 참조
 
4. 위탁운영기관 선정
ㅇ 선정방법 : 서류 및 면접심사(사업계획 제안 설명 및 질의응답)
ㅇ 평가일정 및 장소 : 2019.09.25.(수), 14시 예정 / JDC 본사 중회의실 2
   ※ 평가일정 및 장소 변경 시 개별 통보
ㅇ 결과발표 : 선정기관 개별 통보
 
5. 기타 유의사항
ㅇ 공개모집과 관련하여 제출된 서류는 일체 반환하지 않음
ㅇ 공개모집에 응모하고자 하는 신청자는 JDC 홈페이지(www.jdcenter.com) 모집공고, 제안요청서 등 관련내용을 완전히 숙지하고 공개모집에 임하여야 하며,
    이를 숙지하지 못하여 발생한 사항에 대한 책임은 신청자에게 있음
ㅇ 제출된 서류의 내용이 사실과 다를 경우 위탁기관 선정을 무효로 할 수 있으며, 향후 공모참가 제한 등 제약을 받을 수 있음
ㅇ 문의안내
  - 담당자 : 제주국제자유도시개발센터 홍보협력실 홍단비 과장
   - 연락처 : ☎ 064)797-5764 이메일 : sweetrain@jdcenter.com
 
		"
29,"
				JDC면세점 운영위원회 위촉위원 모집공고
			","


<JDC면세점 운영위원회 위촉위원 공개모집>
 
제주국제자유도시개발센터(이하 'JDC')에서는 지정면세점 운영위원회 운영에
관한 지침 제3조에 따라 'JDC지정면세점 운영위원회' 구성을 위한
위촉직 위원을 아래와 같이 공개모집하오니 관심 있는 분들의 많은 참여를 바랍니다.
 


•  접수기간

2019년 9월 11일(수) ~ 19일(목)

• 신청자격

- 면세점 등 유통분야에 관한 전문지식 및 경험이 풍부한 자
- 제주국제자유도시 조성을 위한 재원으로서 면세점의 운영 방향을 제시할 수 있는
전문지식과 경험이 풍부한 자

• 위원회 기능 (임기 : 위촉일로부터 1년)

- 협력업체 및 브랜드 대상 JDC지정면세점 입점 및 퇴출 심의
- 기타 면세점 운영에 관한 사항 중 주요 정책 결정

※ 기타 자세한 내용은 첨부파일을 확인해 주시기 바랍니다.
"
30,"
				2019 글로벌 인재육성 디즈니월드 인턴십 연수생 모집 안내
			","


 2019년 글로벌 인재육성 디즈니월드 인턴십 (미국 올랜도) 연수생 모집을 붙임과 같이 공고하오니 많은 관심과 신청바랍니다.


  1. 연수기간 : 2019. 11월 ~ 2020. 7월

  2. 연수내용 : 국내 직무, 어학연수(40시간) + 델라웨어주립대학 교과목 수강(3주) + 디즈니월드 유급 인턴십(22주)

  3. 연수국가 : 미국(올랜도_디즈니월드)

  4. 선발인원 : 도내 대학생 5명

  5. 접수기간 : ~ 19. 9. 6.(금) 까지

  6. 접수방법 : 참가신청서 및 구비서류 각 대학*에 제출

  * 제주대 현장실습지원센터(진로취업과 내), 한라대 글로벌산학협력센터, 관광대 산학협력단, 국제대 취업지원처

  7. 학생부담금 : 200만원 ※ 최종 선발시 학생부담금

  8. 문의처 : JDC 국제협력처 064-797-5581

 
		"
31,"
				JDC  서포터즈 온라인 소통크루 100人 모집
			","


"
32,"
				JDC 비축토지 매입 공고
			","




제주국제자유도시개발센터(JDC) 비축토지 매입 공고



 
제주국제자유도시개발센터(JDC)에서는 제주국제자유도시 조성과 미래사업 추진을 위하여 비축토지를 매입합니다.

□ 매입대상 : 제주도 내 해당지역 최소면적 이상의 토지
 



구 분
최소면적(㎡)
대상필지


도시지역 안
3,300
개인 또는 법인 소유의 1필지 또는 연접필지


도시지역 밖
33,000
개인 또는 법인 소유의 1필지 또는 연접필지




□ 공고 및 접수
 1. 공고기간 : 2019년 9월 2일(월) ~ 2019년 10월 11일(금) / 40일간
 2. 접수기간 : 공고기간 중 평일 09:00 ~ 17:00(토/일요일, 공휴일 접수불가)

□ 신정자격 및 접수방법
 1. 신청자격 : 토지소유자(개인 및 법인)
 2. 접수방법 : 직접 방문 접수
  가. 회사주소 : 제주특별자치도 제주시 첨단로 213-4, 제주첨단과학기술단지 JDC 엘리트빌딩 3층 305호 전략사업처
  나. 마감시한 : 마감일(2019년 10월 11일) 17:00 전까지 도착분에 한함
  다. 문의전화 : 064-797-5538, 064-797-5769, 064-797-5519

※  자세한 사항은 아래 공고문 참조


2019. 9. 2.
 
제주국제자유도시개발센터 이사장

 
		"
33,"
				[JDC 드론 시범사업 사업자 공모] 공고
			","

[JDC 드론 시범사업 사업자 공모]
제주국제자유도시개발센터는 제주 공역을 활용한 드론 기술을 검증하고 사업 모델을 발굴하고자 ‘JDC 드론시범사업 사업자 공모’를 추진하오니 많은 관심과 참여 바랍니다.
2019년 8월 22일
제주국제자유도시개발센터 이사장
 
1) 사업설명
• 사 업 명 : JDC 드론 시범사업 사업자 공모
• 사업내용 : 제주 공역을 활용한 드론 기술 검증 및 사업모델 발굴
• 사업기간 : 협약체결일로부터 120일
• 실증지역 : 제주도 공역(비행금지구역 제외), 시범사업 공역(항공우주박물관 인근)
• 공모분야 : 분야별 택1   ※ 자세한 사항은 공모안내서 참고
 ▶사업연계분야 : JDC 기존사업과 연계하여 활용가능하거나 신규사업으로 추진 가능한 분야
 ▶공공서비스분야 : 제주도민이 직접적으로 체감할 수 있는 공공서비스 분야
• 수행방법 : 제주 공역을 활용한 사업별 실증시나리오 설정, 이에 따른 적정테스트와 성과지표 도출을 통한 기술 실증 및 사업모델 발굴
• 선정방법 : 공모를 통한 대상자 선정(평가 후 협약체결)
• 사업예산 : 총 금90,000,000원(부가세 포함)_2개업체 선정(각 사업비 45백만원 내 조정)
• 평가방법 : 정량평가(20점), 정성평가(80점)_제안설명(발표)평가 포함
 
2) 접수설명
• 참여자격 : 드론 신기술 분야 전문인력을 보유하고 경험을 갖춘 전문기관
• 접수기간 : 2019.09.02.(월) ~ 2019.09.20.(금)  17:00 / 19일간
• 접수방법 : 방문 및 우편접수
• 유의사항 : 공모안내서 참고 후, 공모신청서 양식에 맞게 작성
• 기타문의 : 064.797.5538(5769)
 

 
		"
34,"
				『제2기 JDC소통위원회』소통위원 공개모집 공고
			","

 
 
제주국제자유도시개발센터(JDC)에서는 국민(도민) 의견수렴의 실질적·대표적 창구로서의 기능과 역할을 수행 할
『제2기 JDC소통위원』을 위촉하고자 아래와 같이 공개모집 하오니, 관심 있는 분들의 많은 참여를 바랍니다.
 

1. 모집개요
❍ (모집인원) 00명
❍ (임 기) 위촉일로부터 1년
❍ (위원회 기능) 심의 및 자문
- 국민(도민) 의견수렴의 실질적이고 대표적인 소통 창구
- 기관 현안과 주요정책에 관한 제안 및 자문
- 그 밖에 소통경영 구현에 필요하다고 인정되는 사항
 
2. 신청자격
- JDC 기관 및 정책에 관심 있는 사람
- 분야별 풍부한 경험과 식견을 갖춘 사람
 
3. 신청 및 접수
❍ (접수기간) `19. 08. 21.(수) ~ `19. 09. 04_(15일간)
❍ (접수방법) 홈페이지 공지사항에 첨부된 신청서 양식을 다운로드하여 작성 후 담당자 이메일로 접수
❍ (제 출 처) 담당자 이메일로 접수(`19. 09. 04.(수)까지 도착분에 한함)
※ Email 접수 : hanisun@jdcenter.com
❍ (제출서류) 지원 신청서 1부, 개인정보 수집․이용 동의서 1부
※ 제주국제자유도시개발센터 홈페이지(http://www.jdcenter.com) 공지사항 참고
 
4. 선정 및 발표 : 자체 심사에 의거 선정 및 개별통보
 
5. 문 의 처 : JDC 소통협력TFT (☎ 064-797-5732, 5587)
 
6. 기타사항
- 접수된 지원서는 일체 반환하지 않음
 
 
 
 
 
 
 
 
 
 
"
35,"
				함께 JDC작은바람 사업 공모
			","


			함께 JDC작은바람 사업 공모
 
제주국제자유도시개발센터는 지역 주민의 자발적인 참여를 바탕으로 주민들의 생활・문화를 공동으로 형성하고 삶의 질 향상을 위한 공동체 활동을 지원하고자「함께 JDC작은바람 사업」을 공모하오니 많은 관심과 참여 바랍니다.
2019년 8월 8일
제주국제자유도시개발센터 이사장
 
1. 공모 개요
ㅇ 공고기간 : 2019. 8. 8(목) ~ 8. 26(월) / 19일간
ㅇ 사업기간 : 협약일로부터 ~ 2020. 1월말까지
ㅇ 신청자격 : 읍·면·동 마을(행정리 단위) 및 마을공동체를 지향하는 5인 이상의 공동체 및 단체
※ 고유번호증이 발급된 단체만 가능, 고유번호증 발급관련[붙임]참조
ㅇ 지원규모 : 1개 마을 및 단체당 1개 사업 지원, 사업별 700만원 이내(총사업비의 10%이상 자부담필수), 10개 공동체(마을) 선정
ㅇ 지원제외 대상 : 보조금 중복사업, 자산 형성성 사업 및 노무비성 예산
ㅇ 지원 분야 : 마을미디어, 체험‧축제‧전시‧공연‧교육 등 소규모 실천 활동
 
		"
36,"
				JDC제주혁신성장센터 8월 공개특강
			","

JDC제주혁신성장센터 8월 공개특강
 
 
나만 알고 싶은 “투자자를 사로잡는 피칭노하우”
 
8월 공개특강은
Startup Pitching & Business Model
이란 주제로 열립니다.
 
중기부 인증 액셀러레이터 #와이앤아처 신지오 대표이사께서
투자자를 대상으로 한 IR 필수사항 및 피칭 노하우를 통해
투자자를 사로잡는 핵심포인트를 전수해주실 예정입니다.
 
스타트업, 예비창업자 등 관심 있는 분들이라면 누구나 참석 가능합니다.
사전접수 필수이므로, 참석을 원하시는 분은
아래 신청 링크를 클릭 후 작성해 주세요.
☞ 신청 https://c11.kr/8ywz
 
· 일시: 2019.8.13.화 14시~16시
· 장소: 첨단로330 세미양빌딩 제주혁신성장센터 2층 프로젝트인피니티
 
많은 관심과 참석 바랍니다.





 
		"
37,"
				2019년도 공공기관 청렴도 측정 관련 개인정보 제3자 제공사항 알림
			","

□ 제주국제자유도시개발센터는 다음과 같이 개인정보를 제3자에게 제공하고 있습니다.
 
    ○ 제공일자 : 2019. 7. 18

    ○ 제공받는 기관 : 국민권익위원회
 
    ○ 제공의 법적 근거 : 「개인정보보호법」제18조제2항제2호, 「부패방지 및 국민권익위원회의 설치와 운영에 관한 법률」 제12조제6호, 제27조의2
 
    ○ 제공받는 기관의 개인정보 이용 목적 : 공공기관의 청렴도 측정을 위한 민원인, 직원에 대한 설문조사 실시
 
    ○ 제공하는 개인정보 항목 : 계약 및 관리업무 민원인, 입점업체관리 업무 민원인, 소속직원의 성명, 전화번호, 이메일
 
    ○ 개인정보 보유기간 : 2019년도 청렴도 조사 완료 시까지
 
		"
38,"
				신화역사공원 J지구 공원조성사업 조경(특화공간) 설계 공모 심사결과 알림
			","


			신화역사공원 J지구 공원조성사업 조경(특화공간) 설계 공모 심사결과를 다음과 같이 알려드립니다.
  - 심사일 : 2019.7.16. (화)
  
"
39,"
				2019 지역사회와 함께 성장하는 JDC 대국민 아이디어 공모전 1차 서면평가 선정결과
			","


			2019 지역사회와 함께 성장하는 JDC  대국민 아이디어 공모전 1차 서면평가 선정결과 발표

제주국제자유도시개발센터(JDC) 추진사업 중 기관의 역할과 특성을 고려하고 지역사회와 함께 성장하는 사회적가치를 반영한 창의적인 혁신아이디어를 발굴하기 위해 실시한 대국민 아이디어 공모전 1차 서면평가 결과를 아래와 같이 알려드립니다.
 



번호
선정작(아이디어 명칭)
성함


1
낭썹, 사람과 자연을 잇다.
송ㅇ조


2
제주 빌레나무로 미세먼지도 job go, 노인일자리도 job go
김ㅇ관


3
사회적경제 기업 협업을 통한 대학생 참여 상품경쟁력 강화 프로젝트
최ㅇ운


4
다문화가정 대학생 면세점 연계 인턴성장지원 프로그램
윤ㅇ호


5
일회용컵이 없는 행사문화 만들기
장ㅇ화


6
복도 피난유도등 남은거리 표시
남ㅇ우




1차 서면평가 이후 2차 발표평가 관련 공지드립니다.

일시 : 2019.7.24.(수) / 10시
장소 : JDC 본사 엘리트빌딩 4층 중회의실 1
발표시간 : 10분이내
세부계획 : 1차 서면평가 당선자 개별통보



JDC 형 사회적가치 실현을 위해서 소중한 시간과 귀한 의견을 주신 모든 분들께 진심으로 감사드립니다.

궁금하신 사항은 가치경영실 임성엽주임(064-797-5586) 으로 문의주시면 성심성의껏 답변드리도록 하겠습니다.



 
		"
40,"
				JDC 미래전략 도민참여단 모집(7.17~8.7)
			","


 
		"
41,"
				2019년 JDC 혁신 세미나 개최 알림
			","


□ 일시 : 2019년 7월 18일(목) 15:00 ~ 17:30

□ 장소 : JDC 본사 엘리트빌딩 4층 대회의실

□ 대주제 : ‘혁신성장·포용 기반 JDC 중기 혁신 과제 발굴 방안’
ㅇ 소주제1 : 「多함께 혁신」협업을 통한 포용적 혁신 과제 발굴
                     - JDC&서귀포 혁신도시 공공기관 협업 방안 마련
ㅇ 소주제2 : 「일자리 혁신」사내벤처(내부)와 혁신성장센터(외부)를 통한 일자리 창출

□ 주최/주관 : 제주국제자유도시개발센터(JDC)

문의 : JDC 가치경영실 유동소 과장(064-797-5655)
 
		"
42,"
				신화역사공원 J지구 공원조성사업 건축설계(제안공모) 심사결과 알림
			","


			신화역사공원 J지구 공원조성사업 건축설계(제안공모)의 심사결과를 다음과 같이 알려드립니다.
  - 심사일 : 2019.7.12. (금)
  - 당선자 : (주)범건축종합건축사사무소
		"
43,"
				2019. 제13회 JDC 글로벌인재육성 해외인턴십(미국,중국,독일) 연수생 모집 안내
			","

2019. 제13회 JDC 글로벌인재육성 해외인턴십(미국,중국,독일) 연수생 모집 안내
 
2019 년  제 13 회 JDC 글로벌 인재육성 해외인턴십(미국_ 샌프란시스코, 중국_상해, 독일_프랑크푸르트) 연수생 모집을 붙임과 같이 공고하오니 많은 관심과 신청바랍니다.
 
  1. 연수기간 : 2019. 7월 ~ 2020. 2월
  2. 연수내용 :  미국_자체어학연수(40시간) + 현지 어학·직무 연수(8주) + 기업인턴십(8주)
                         중국_자체어학연수(40시간) + 현지 어학·직무 연수(10주) + 기업인턴십(10주)
                         독일_자체어학연수(40시간) + 현지 어학·직무 연수(4주) + 기업인턴십(16주)
   3. 연수국가 : 미국(샌프란시스코), 중국(상해), 독일(프랑크푸르트)
   4. 선발인원 : 도내  대학생 19명(미국_6명, 중국_8명, 독일_5명)
   5. 접수기간 : ~ 19. 7. 17.(수) 18:00까지
   6. 접수방법 : 참가신청서 및 구비서류 각 대학*에  제출
    * 제주대 현장실습지원센터(진로취업과 내), 한라대 글로벌산학협력센터, 관광대 산학협력단, 국제대 취업지원처
   7. 학생부담금 : 200만원(미국, 독일), 100만원(중국) 
      ※ 최종 선발시 학생부담금 
   8. 문의처 : JDC 국제협력처 064)797-5641     
 
 붙임  제13회 JDC 글로벌 인재육성 해외인텁십(미국, 중국,독일) 연수생 모집 공고 1부.  끝. 
"
44,"
				제주혁신성장센터의 성공적인 운영을 위한 전문가 초청 토론회 개최 알림
			","


			제주혁신성장센터의 성공적인 운영을 위한 전문가 초청 토론회가 다음과 같이 개최됩니다. 많은 관심과 참석 바랍니다.

◇ 일시 : 2019.7.3.(수) 14:00~16:00
◇ 장소 : 제주혁신성장센터 2층 인피니티홀
◇ 주최 : 제주국제자유도시개발센터
◇ 후원 : 국토교통부
◇ 프로그램



인 사
			말 씀
14:00~14:05
․ 환영사 : JDC 운영사업본부장
			※ 사회: 김진호 JDC 첨단사업처 과장


현 황
			보 고
14:05~14:10
․ 제주혁신성장센터 운영현황 보고
			(김현종 JDC 첨단사업처 차장)


주 제
			발 표
14:10~14:40
․ 제주 스타트업 생태계 현황과 전망
			(남성준 제주스타트업협회장)


패 널
			토 론
14:40~15:30
․ 주제 : 제주 취・창업 생태계 조성을 위한 제주혁신성장센터 활성화 방안
			․ 좌장 : 김형길 제주관광문화산업진흥원 원장
			․ 토론자
			- 김경수 KAIST 조천식녹색교통대학원 원장
			- 최준호 한국예술종합학교 교수
			- 남성준 제주스타트업협회장
			- 김근오 국토교통부 산업입지정책과장
			- 김경훈 JDC 첨단사업처장


15:30~16:00
․ 질의응답 및 폐회




붙임 : 토론회 참석자 프로필

 
		"
45,"
				JDC 국민(도민) 참여예산 사업 공모 안내
			","

제주국제자유도시개발센터(JDC)에서는 예산 편성과정에서 국민(도민)의 직접 참여를 통해 예산의 투명성을 증대하고,
국민(도민)이 원하는 사업 추진을 통한 사회적가치 실현에 기여하기 위하여 국민(도민) 참여예산 사업을 공모하오니
많은 관심과 적극적인 참여 바랍니다.

ㅁ 공 모 명 : JDC 국민(도민) 참여예산 사업 공모

ㅁ 공모기간 : 2019.07.02.(화) ~ 08.31.(토)

ㅁ 참여대상 : 대한민국 국민으로 현재 대한민국에 주소를 두고 거주하는 사람

ㅁ 신청분야 : 센터에서 추진하는 6대분야 사회가치(제주)증진 사업(총 6개 분야, 택1)
  - ① 일자리 창출 ② 인재양성 ③ 환경보전 ④ 지역상생 ⑤ 문화진흥 ⑥ 복지나눔

ㅁ 접수방법
  - 이메일 접수 : topkys92@jdcenter.com
  - 우편 접수 : (633-309) 제주시 첨단로 213-4 제주국제자유도시개발센터 기획조정실 (8.31일 소인일자까지 인정됨)

ㅁ 제출서류 [파일첨부(국민(도민)참여예산 사업공모 신청서 양식) 참조(총3개) , 08.31.(토) 17시까지 접수(시간 엄수)]
  - ① 국민(도민)참여예산 사업신청서
  - ② 개인정보수집 및 이용에 관한 동의서
  - ③ 국민(도민) 참여예산 사업 공모 참가 서약서

ㅁ 문 의 처 : 제주국제자유도시개발센터 기획조정실(09시~18시 우리센터 업무시간에 한함)  (064)797-5556, -5643
"
46,"
				JDC 일자리 지원공간(J-CUBE) 위탁운영기관 선정 재공모
			","


			JDC 일자리 지원 공간(J-CUBE) 위탁 운영기관 모집 공고
 
제주국제자유도시개발센터(JDC)는 지역 특성을 반영한 취업·창업 프로그램 운영 및 종합적이고 체계적인 지원서비스 제공으로 JDC 일자리 지원 공간(J-CUBE)을 운영할 기관 모집을 다음과 같이 공고합니다.
2019년 6월 24일
제주국제자유도시개발센터 이사장
 
1. 사업개요
 
ㅇ (사 업 명) JDC 일자리 지원 공간(J-CUBE) 위탁 운영기관 모집 공고

ㅇ (사업내용)
- 취업 지원 프로그램 운영을 통한 취업상담 및 취업매칭, 맞춤형 취업 컨설팅 등 진로지도 상담, 취업 지원 사후관리
- 예비창업자 역량강화를 위한 창업 교육 One-stop 체계 구축
※ 세부내용은 ‘제안요청서’ 참조

ㅇ (사업기간) 2019. 8. 1. ~ 2021. 1. 31. / 18개월
 
ㅇ (사업예산) 금삼억원정(₩300,000,000) / VAT 포함
 
2. 신청자격
 
ㅇ 비영리 민간단체지원법 제4조 및 동법시행령 제3조에 의하여 비영리단체로 등록된 법인·단체 ※ 지역 제한 없음
ㅇ 「국가를 당사자로 하는 계약에 관한 법률」제27조 및 「공기업·준정부기관 계약사무규칙」제15조에 해당하는 경우(부정당업자)는 신청할 수 없음
ㅇ 공고일 기준으로 등록취소, 휴· 폐업, 자격정지 등 관련 규정에 위반된 업체는 참가할 수 없으며, 선정 후라도 상기 사유 발생 시 권리 일체를 박탈함
 
3. 신청서 제출
 
ㅇ 접수기간 : 2019년 6월 24일(월) ~ 7월 5일(금) 18시 마감

ㅇ 접수방법 : 직접방문 ※우편접수 및 기타 방법으로 접수 불가
 
ㅇ 접 수 처 : 제주특별자치도 제주시 첨단로 213-4 제주첨단과학기술단지 엘리트빌딩 4층 가치경영실
 
ㅇ 제출서류 : 제안요청서 참조
 
4. 위탁기관 선정
 
ㅇ 선정방법 : 서류 및 제안서 평가(사업계획 제안 설명 PT발표 및 질의응답)
 
ㅇ 평가일정 및 장소 : 개별 통보

ㅇ 결과발표 : 선정기관 개별 통보
 
ㅇ 추후일정 : 선정기관과 선정 통보일로부터 15일 이내 협상 후 업무협약 체결
 
5. 기타 유의사항
 
ㅇ 공개모집과 관련하여 제출된 서류는 일체 반환하지 않음
 
ㅇ 공개모집에 응모하고자 하는 신청자는 JDC 홈페이지(www.jdcenter.com) 모집공고, 제안요청서 등 관련내용을 완전히 숙지하고 공개모집에 임하여야 하며, 이를 숙지하지 못하여 발생한 사항에 대한 책임은 신청자에게 있음
 
ㅇ 제출된 서류의 내용이 사실과 다를 경우 위탁기관 선정을 무효로 할 수 있으며, 향후 공모참가 제한 등 제약을 받을 수 있음
 
ㅇ 문의안내
- 담당자 : 제주국제자유도시개발센터 가치경영실 유동소 과장
- 전 화 : 064)797-5655 / E-mail : eoauddurh@jdcenter.com
 
		"
47,"
				JDC 글로벌 아카데미 강연 알림(7강, 8강)
			","


			제주가치 증진 사업의 일환으로 제주도민을 대상으로 저명한 인사를 초빙하여 강연을 진행하는
「JDC 글로벌 아카데미」 를 추진하고 있습니다. 많은 참여 바랍니다.

 <7강>
 - 일        시  2019. 7. 11.(목) 14:00
 - 강        사 : 타일러 라쉬(방송인)
 - 강의 주제 : 한국인도 모르는 한국문화

 <8강>
 - 일        시  2019. 8. 29.(목) 14:00
 - 강        사 : 윤홍균(정신과 전문의)
 - 강의 주제 : 자존감 수업

 o 장        소 : 첨단과학기술단지 세미양빌딩 대강당
    * 주소  : 제주 제주시 첨단로 330

 ※ 셔틀버스 탑승 : 제주종합경기장 시계탑 앞, 1시 15분까지 탑승
 ※ 문의 : 741-7841
		"
48,"
				2019 지역사회와 함께 성장하는 JDC 사회적가치 실현 대국민 아이디어 공모전 공고
			","

2019 지역사회와 함께 성장하는 JDC 사회적가치 실현 대국민 아이디어 공모전  공고

 
제주국제자유도시개발센터(JDC)는 공공기관으로서 사회적가치 창출 및 실현에 앞장서고자
국민 여러분의 다양하고 참신한 아이디어 발굴을 위해  아래와 같이 공모전을 개최하오니  많은 관심과 적극적인 참여 바랍니다.

 
□ 공모대상 : 대한민국 누구나

□ 공모기간 : 2019.06.20.(목) ~ 07.10.(수)
□ 공모부문
  ○ JDC형 사회적가치 실현 아이디어(총 6개 분야, 택1)
   - ①일자리  ②동반성장 및 상생협력  ③사회공헌 및 지역경제발전  ④안전 및 환경  ⑤대국민 소통 및 참여 ⑥기타
 
     ※ JDC 추진사업 연계 등 기관의 역할과 특성을 고려하고 사회적 가치를 반영한 지역사회와 함께 성장할 수 있는 아이디어 발굴

□ 시상 내역
  ○ 최우수상(1) : 1,000,000원 / 우수상(2) : 500,000원 / 장려상(2) : 300,000원
     * 심사 결과 우수제안이 없을 경우 시상하지 않을 수 있으며 포상에 대한 제세공과금은 수상자 본인이 부담

□ 신청방법 : 이메일(idea.jdc@gmail.com) 접수
  ○ 홈페이지에서 붙임2 양식을 다운로드하여 작성 후 이메일로 송부
 
□ 문의처 : 064-797-5586
"
49,"
				JDC지정면세점 신규 입점 브랜드(협력업체) 제안 공고
			","


			                                                      JDC지정면세점 신규 입점 브랜드(협력업체) 제안공모
 
 
□ 공모내역



판매대상 물품
HSK
공모대상 단위매장
비 고


미용기기
			(얼굴마사지, 피부미용)
854370
2개 이내
공모 및 입점심의 결과에 따라 입점 업체, 브랜드 숫자 결정


면도기
8510
2개 이내



※ 입점 대상 매장 위치 : 제주국제공항 승강장 5번게이트 앞 메인매장 내 화장품 구역
  - JDC지정면세점 홈페이지(https://jdcdutyfree.com) 고객센터>매장위치 참조
    (단, 입점심의 평가결과에 따른 우선협상자와 면적 및 위치 협의 후 결정)
 
□ 공모방법
 ㅇ 공모기간 : 2019년 6월 12일(수) ~ 6월 21일(금) 10일간
 ㅇ 접수기간 : 2019년 6월 12일(수) ~ 6월 21일(금) 18시까지
 ㅇ 접수방법 : JDC 지정면세점 홈페이지 입점신청시스템 온라인 접수만 가능
    - 입점신청서, 제안서(JDC양식), 사업자등록증, 인감증명서, 현재 법인 등기부등본(말소사항포함), 라이선스 권리증 또는 브랜드 사용계약서(국문 번역서 첨부) 등 첨부
 
□ 사업 자격제한
 ㅇ 제주국제자유도시개발센터 퇴직 후 2년이 경과하지 않은 퇴직 임직원과 그 배우자
 ㅇ 제주국제자유도시개발센터 자회사에 재직 중인 임직원과 그 배우자
 ㅇ 모집공고일 기준으로 퇴출일로부터 1년이 경과하지 않은 업체 및 브랜드, 퇴출 업체 및 브랜드 운영자와 그 배우자, 직계혈족 및 직계혈족의 배우자

□ 공모 브랜드(협력업체) 선정 : JDC 면세점운영위원회에서 평가 선정
 
□ 사업제안서 작성 시 고려사항
 ㅇ 입점 제안 시 월 목표매출액 작성 시 신중을 기하여 주시기 바람
   - 신규 입점 후 익월부터 6개월 간 평균 순매출액이 사업자가 제안한 월 목표매출액 대비 70%이하가 되는 경우 퇴출 심의하여 계약이 해지 될 수 있음
   - 신규 입점 후 익월부터 6개월 간 평균 순매출액이 사업자가 제안한 월 목표매출액 대비 50%이하가 되는 경우 계약이 자동해지 될 수 있음
 
ㅇ 제안서에 제시된 내용은 계약서에 명시하지 않더라도 계약서와 동일한 효력을 가짐.
    다만, 계약서에 명시된 경우에는 계약서 내용이 우선하며 제안서 및 계약서에 대한 해석상 이견이 발생할 경우 제주국제자유도시개발센터 해석을 우선함
 
□ 이행(지급)보증금 납부
  ㅇ 제주국제자유도시개발센터는 JDC 지정면세점 입점 협력업체로 선정된 사업자에게 이행(지급)보증금 납부를 요구 할 수 있음
    - 지급보증금 금액은 사업 제안 시 제출한 월 목표매출액의 50%로 하되, 월 목표매출액 2억 이상 시 2억의 50%로 함
 
  ㅇ 이행(지급)보증금은 입점 협력업체로 선정된 사업자가 계약으로 인해 발생되는 손해배상, 미수금, 상품재고 등 모든 채무에 대한 지급을 위한 보증금을 말함
    - 서울보증보험증권(주) 또는 시중은행(제1금융권)에서 발행하는 지급보증서 중 택하여 납부/제출하되 보험료 부담은 선정사업자가 부담 함
 
  ㅇ 이행(지급)보증증권을 지정기간내 제출하지 아니하거나 제출할 수 없는 경우 선정대상자의 직위는 자동소멸된 것으로 봄

□ 유의사항
  ㅇ 매장 인테리어는 JDC 지정면세점 매장디자인 가이드라인을 준수하여 설치하며 설치 비용은 선정 사업자가 부담함
  ㅇ 제출된 서류는 반환되지 않으며, 제출된 자료 중 일부라도 허위가 있을 경우에는 계약체결 후라도 계약해지와 함께 민·형사상 책임을 져야함
  ㅇ 문의사항은 제주국제자유도시개발센터 면세사업단 면세기획처 운영위원회 담당자(☎064-740-9952)에게 문의 바랍니다.
 
 
                                                                 2019년 6월 12일
 
                                                                                         제주국제자유도시개발센터 이사장
 
    ※ 공고문 공모내역(면적, 위치, 브랜드) 등을 고려하여 공고문 내용을 수정, 변경 할 수 있음
 
 
 
 
 
 
 
 
 
 
		"
50,"
				JDC 고문변호사 공개모집 알림
			","

제주국제자유도시개발센터에서는 다각적인 법률적 검토 기반 마련을 통해 기관의 법률적 위험관리를 강화하기 위해 고문변호사
를 아래와 같이 선임하고자 하오니 많은 관심과 참여 바랍니다.
2019년 6월 10일



□ 선임개요
ㅇ (선임인원) 2명
ㅇ (자격요건) 다음 각 호의 어느 하나에 해당하는 자
    1. 변호사 자격이 있는 사람
    2. 법무법인(법무법인(유한), 법무조합, 법률사무소 포함)
    3. 정부법무공단
ㅇ (위촉기간) 위촉일로부터 2년
ㅇ (모집기간) 2019.06.10.(월)~2019.06.24.(월)
ㅇ 고문변호사 활용범위
   1. 법령·규정의 해석 및 적용에 관한 사항
   2. 소송 및 소송수행에 관한 사항
   3. 법령·규정 등의 제·개정에 관한 사항
   4. 기타 개발센터 소관업무와 관련한 법리적 판단에 관한 사항


□ 신청 및 선정방법
ㅇ (신청방법) 이력서, 직무수행계획서(첨부파일의 서식 참고) 작성 후 담당자 이메일(yjulli@jdcenter.com)로 제출
  - 제출기한: 2019.06.24.(월) 오후 5시
  - 제출서식: 이력서 1부, 직무수행계획서 1부(첨부파일 서식 참고)
  - 담 당 자: 법무팀 대리 김영주(☎064-797-5541)
ㅇ (선정방법) 서류심사 후 7월 초 JDC홈페이지에 공지 예정
"
51,"
				JDC 일자리 지원 공간(J-CUBE) 위탁운영기관 모집 공고
			","

JDC 일자리 지원 공간(J-CUBE) 위탁 운영기관 모집 공고
 
제주국제자유도시개발센터(JDC)는 지역 특성을 반영한 취업·창업 프로그램 운영 및 종합적이고 체계적인 지원서비스 제공으로 JDC 일자리 지원 공간(J-CUBE)을 운영할 기관 모집을 다음과 같이 공고합니다.
2019년 5월 30일
제주국제자유도시개발센터 이사장
 
1. 사업개요
 
ㅇ (사 업 명) JDC 일자리 지원 공간(J-CUBE) 위탁 운영기관 모집 공고
ㅇ (사업내용)
- 취업 지원 프로그램 운영을 통한 취업상담 및 취업매칭, 맞춤형 취업 컨설팅 등 진로지도 상담, 취업 지원 사후관리
- 예비창업자 역량강화를 위한 창업 교육 One-stop 체계 구축
※ 세부내용은 ‘제안요청서’ 참조
 
ㅇ (사업기간) 2019. 7. 1. ~ 2020. 12. 31. / 18개월
ㅇ (사업예산) 금삼억원정(₩300,000,000) / VAT 포함
 
2. 신청자격
 
ㅇ 비영리 민간단체지원법 제4조 및 동법시행령 제3조에 의하여 비영리단체로 등록된 법인·단체 ※ 지역 제한 없음
ㅇ 「국가를 당사자로 하는 계약에 관한 법률」제27조 및 「공기업·준정부기관 계약사무규칙」제15조에 해당하는 경우(부정당업자)는 신청할 수 없음
ㅇ 공고일 기준으로 등록취소, 휴· 폐업, 자격정지 등 관련 규정에 위반된 업체는 참가할 수 없으며, 선정 후라도 상기 사유 발생 시 권리 일체를 박탈함
 
3. 신청서 제출
 
ㅇ 접수기간 : 2019년 5월 30일(목) ~ 6월 13일(목) 18시 마감
ㅇ 접수방법 : 직접방문 또는 우편접수 ※우편접수는 6월13일 18시까지 JDC 도착분 기준
ㅇ 접 수 처 : 제주특별자치도 제주시 첨단로 213-4 제주첨단과학기술단지 엘리트빌딩 4층 가치경영실
ㅇ 제출서류 : 제안요청서 참조
 
4. 위탁기관 선정
 
ㅇ 선정방법 : 서류 및 제안서 평가(사업계획 제안 설명 PT발표 및 질의응답)
ㅇ 평가일정 및 장소 : 개별 통보
ㅇ 결과발표 : 선정기관 개별 통보
ㅇ 추후일정 : 선정기관과 선정 통보일로부터 15일 이내 협상 후 업무협약 체결
 
5. 기타 유의사항
 
ㅇ 공개모집과 관련하여 제출된 서류는 일체 반환하지 않음
ㅇ 공개모집에 응모하고자 하는 신청자는 JDC 홈페이지(www.jdcenter.com) 모집공고, 제안요청서 등 관련내용을 완전히 숙지하고 공개모집에 임하여야 하며, 이를 숙지하지 못하여 발생한 사항에 대한 책임은 신청자에게 있음
ㅇ 제출된 서류의 내용이 사실과 다를 경우 위탁기관 선정을 무효로 할 수 있으며, 향후 공모참가 제한 등 제약을 받을 수 있음
ㅇ 문의안내
- 담당자 : 제주국제자유도시개발센터 가치경영실 유동소 과장
- 전 화 : 064)797-5655 / E-mail : eoauddurh@jdcenter.com
 
		"
52,"
				JDC 시민참여혁신단 2기 선정 결과 알림
			","


 JDC 가치경영실에서 알려드립니다.

 시민참여혁신단 2기 모집과 관련하여 보여주신 시민 여러분의 관심과 열정에 감사드리며,
 신청서 검토 결과 최종 선정 결과를 아래와 같이 알려드립니다.

 1. 선정인원 : 16명
 2. 세부내역 : 붙임문서 참조

 2기 발족식은 6월 초 개최 예정이며, 일정 등 구체적인 사항은 선정되신 분들에게 개별 연락드릴 예정입니다.

 감사합니다.
		"
53,"
				JDC 시민참여혁신단 2기 추가 모집 공고
			","


JDC ｢시민참여혁신단 2기｣ 추가 모집 공고
 
제주국제자유도시개발센터에서는 시민 여러분의 다양한 의견에 귀 기울여 기관이 추진하는 경영활동 전반에 반영 및 개선하기 위해 2018년 1기 활동에 이어 ｢시민참여혁신단 2기｣를 아래와 같이 추가 모집하오니 많은 관심과 참여 바랍니다.
 
2019년 5월 17일
 
 



Ⅰ
 
개 요



 
□ 추진 목적
 
 공공기관의 사회적 가치 실현을 위해 시민의 적극적인 참여를 유도하여 경영혁신 관련 지역사회의 다양한 의견을 반영하고자 함
 
□ 추진 내용
 
 운영 방법
    - 오프라인 정기회의 개최 및 모바일로 의견 상시 공유
 주요 역할
    - JDC 추진사업 및 경영 활동에 대한 자문 및 의견 제시
    - 부서별 혁신과제 이행 현황 모니터링 및 연말 우수 과제 선정
    - JDC 혁신 세미나 및 워크숍 참가
※ 향후 구체적 일정 및 내용은 시민참여혁신단으로 선정된 자에 한해 개별 안내 예정
 
□ 추가 모집 내용
 
 모집기간 : ’19.5.17.(금) ~ 5.24.(금)
 
 모집인원 : 5명 이상
 
 활동기간 : 시민참여혁신단 위촉일자로부터 1년
 
 모집분야



사업혁신분야
 핵심사업
			- 첨단과학기술단지
			- 영어교육도시
			- 신화역사공원
			- 헬스케어타운
			- 업사이클링 클러스터
			- 스마트시티 실증단지
 면세점수익사업
			- 공항, 항만 면세점 운영
			 
			 전략사업
			- 전기자동차 시범단지
			- 첨단농식품단지
			- 드론사업
 상생관리사업
			- 항공우주박물관
			- 공공주택사업
			- 휴양형주거단지
			 
			 
			 


사회적가치 분야
 인권, 안전 및 환경, 건강 및 복지, 일자리창출, 취약계층 지원, 윤리경영 등


업무혁신분야
 일하는 방식, 조직문화 개선 등



 




Ⅱ
 
신청 및 선정



 
□ 신청·선정방법
 
 (신청방법) 신청서 양식 다운로드→작성→담당자 이메일로 제출
※ 신청서 양식 : JDC 홈페이지(www.jdcenter.com) 공지사항 참조
 
- 제출기한 : ’19. 5. 24. (금) 오후6시
 
- 제출서식 : 신청서 1부, 개인정보 수집․이용 제공 동의서 1부
- 담 당 자 : JDC 가치경영실 유동소(eoauddurh@jdcenter.com)
 
 (선정방법) 서류 심사 후 5월말 JDC 홈페이지에 결과 공지 예정

※ 분야별 모집 인원 제한은 없으며, 개인 활동 계획을 중점적으로 평가할 예정
※ 심사 결과, 모집 인원에 해당하는 적합한 지원자가 없을 경우 추가 모집 가능
 



Ⅲ
 
기 타



 
□ 문의처
 
 (전 화) 064-797-5655, JDC 가치경영실 유동소 과장
 
 (이메일) eoauddurh@jdcenter.com
 
		"
54,"
				JDC 특성화고 청소년 미래인재육성 프로그램 위탁 재공고
			","


			 
JDC 특성화고 청소년 미래인재육성 프로그램 위탁 재공고
 
제주국제자유도시개발센터는 제주 특성화고 청소년들에게 해외 진로 및 현장경험 기회 제공을 통한 글로벌 핵심인재로 양성하기 위하여 JDC 특성화고 청소년 미래인재육성 프로그램을 위탁하고자 다음과 같이 공고합니다.
2019년 5월 14일
제주국제자유도시개발센터 이사장
 
 
1. 사업개요
ㅇ (사 업 명) JDC 특성화고 청소년 미래인재육성 프로그램
ㅇ (사업기간) 협약일로부터 2019년 12월 31일
ㅇ (사업내용) 제주 특성화고 청소년의 전문성과 연관된 해외 진로 및 현장 체험 기회를 제공하고 현지 청소년과의 교류·봉사 등 글로벌 마인드 함양 활동
ㅇ (위탁사무) JDC 특성화고 청소년 미래인재육성 프로그램 운영 기준(안) 참조
ㅇ (사업예산) 금50,000,000원(금오천만원)
 
2. 신청자격
ㅇ 청소년 해외 진로 체험 및 현장 실습 관련 수탁업무에 적합한 전문 인력·경험 갖춘 비영리 법인으로서 공고일 현재 제주특별자치도에 등록된 단체
ㅇ 현지 활동거점 및 협력기관을 확보하고 있는 단체
ㅇ 사업비 중 자부담이 가능한 단체 (자부담 비율에 따라 가산점 추가)
 
3. 신청서 제출
ㅇ 접수기간 : 2019년 5월 14일(화) ~ 5월 20일(월) 18:00 마감
ㅇ 접수방법 : 우편 및 방문접수
ㅇ 접 수 처 : 제주특별자치도 제주시 첨단로 213-4 제주첨단과학기술단지 엘리트빌딩 4층 국제협력처
ㅇ 제출서류 : JDC 특성화고 청소년 미래인재육성 프로그램 운영 기준(안) 참조
 
4. 결과발표 : 2019. 5월 말 예정_선정기관 개별 통보

5. 기타 유의사항
ㅇ 공개모집과 관련하여 제출된 서류는 일체 반환하지 않음
ㅇ 공모에 참가하고자 하는 자는 JDC 홈페이지(www.jdcenter.com) 「JDC 특성화고 청소년 미래인재육성 프로그램 운영기준(안)」참조을 완전히 숙지하였다고 간주하여, 이를 숙지하지 못함으로 인해 발생하는 책임은 공모참가자에게 있음
ㅇ 제출된 서류의 내용이 사실과 다를 경우 위탁기관 선정을 무효로 할 수 있으며, 향후 공모참가 제한 등 제약을 받을 수 있음
ㅇ 기타 자세한 사항은 JDC 국제협력처(064-797-5641)로 문의하여 주시기 바람
 
		"
55,"
				JDC 글로벌 아카데미 강연 알림(5.30., 안현배 미술사 연구가)
			","


			제주가치 증진 사업의 일환으로 제주도민을 대상으로 저명한 인사를 초빙하여 강연을 진행하는 「JDC 글로벌 아카데미」 를 추진하고 있습니다. JDC 글로벌 아카데미 제5강에 많은 참여 바랍니다.

1. 행  사  명 : JDC 글로벌 아카데미(5강)
2. 일        시 : 2019. 5. 30.(목) 14:00
3. 장        소 : 첨단과학기술단지 세미양빌딩 대강당
 * 주소  : 제주 제주시 첨단로 330
4. 대        상 : 도민 200여명 (무료, 당일 선착순 입장)
5. 강        사 : 안현배 미술사 연구가('미술관에 간 인문학자' 저자)
6. 강의 주제 : 미술관에 간 인문학자, 유럽 미술관 나들이

※ 셔틀버스 탑승 : 제주종합경기장 시계탑 앞, 1시 15분까지 탑승
※ 문의 : 741-7841
		"
56,"
				JDC 시민참여혁신단 2기 모집 공고
			","


			JDC ｢시민참여혁신단 2기｣ 모집 공고
 
제주국제자유도시개발센터에서는 시민 여러분의 다양한 의견에 귀 기울여 기관이 추진하는 경영활동 전반에 반영 및 개선하기 위해 2018년 1기 활동에 이어 ｢시민참여혁신단 2기｣를 아래와 같이 모집하오니 많은 관심과 참여 바랍니다.
 
2019년 5월 8일
 
 



Ⅰ
 
개 요



 
□ 추진 목적
 
 공공기관의 사회적 가치 실현을 위해 시민의 적극적인 참여를 유도하여 경영혁신 관련 지역사회의 다양한 의견을 반영하고자 함
 
□ 추진 내용
 
 운영 방법
    - 오프라인 정기회의 개최 및 모바일로 의견 상시 공유
 주요 역할
    - JDC 추진사업 및 경영 활동에 대한 자문 및 의견 제시
    - 부서별 혁신과제 이행 현황 모니터링 및 연말 우수 과제 선정
    - JDC 혁신 세미나 및 워크숍 참가
      ※ 향후 구체적 일정 및 내용은 시민참여혁신단으로 선정된 자에 한해 개별 안내 예정
 
□ 모집 내용
 
 모집기간 : ’19.5.8.(수) ~ 5.16.(목)
 
 모집인원 : 15명
 
 활동기간 : 시민참여혁신단 위촉일자로부터 1년
 
 모집분야



사업혁신분야
 핵심사업
			- 첨단과학기술단지
			- 영어교육도시
			- 신화역사공원
			- 헬스케어타운
			- 업사이클링 클러스터
			- 스마트시티 실증단지
 면세점수익사업
			- 공항, 항만 면세점 운영
			 
			 전략사업
			- 전기자동차 시범단지
			- 첨단농식품단지
			- 드론사업
 상생관리사업
			- 항공우주박물관
			- 공공주택사업
			- 휴양형주거단지
			 
			 
			 


사회적가치 분야
 인권, 안전 및 환경, 건강 및 복지, 일자리창출, 취약계층 지원, 윤리경영 등


업무혁신분야
 일하는 방식, 조직문화 개선 등



 




Ⅱ
 
신청 및 선정



 
□ 신청·선정방법
 
 (신청방법) 신청서 양식 다운로드→작성→담당자 이메일로 제출
     ※ 신청서 양식 : JDC 홈페이지(www.jdcenter.com) 공지사항 참조
 
- 제출기한 : ’19. 5. 16. (목) 오후5시
- 제출서식 : 신청서 1부, 개인정보 수집․이용 제공 동의서 1부
- 담 당 자 : JDC 가치경영실 유동소(eoauddurh@jdcenter.com)
 
 (선정방법) 서류 심사 후 5월 중 JDC 홈페이지에 공지 예정

※ 분야별 모집 인원 제한은 없으며, 개인 활동 계획을 중점적으로 평가할 예정
※ 심사 결과, 모집 인원에 해당하는 적합한 지원자가 없을 경우 추가 모집 가능
 



Ⅲ
 
기 타



 
□ 문의처
 
 (전 화) 064-797-5655, JDC 가치경영실 유동소 과장
 
 (이메일) eoauddurh@jdcenter.com
 
		"
57,"
				JDC 대학생 아카데미 5월 강연 일정 알림
			","


			제주가치증진 사업의 일환으로 제주도내 대학생 및 도민을 대상으로 「JDC 대학생 아카데미」를 추진하고 있습니다. 5월 강연 일정을 첨부하오니 많은 참고 바랍니다.
		"
58,"
				JDC 글로벌 아카데미 4강 강연 알림
			","


			제주가치 증진 사업의 일환으로 제주도민을 대상으로 저명한 인사를 초빙하여 강연을 진행하는 「JDC 글로벌 아카데미」 를 추진하고 있습니다. JDC 글로벌 아카데미 제4강에 많은 참여 바랍니다.

1. 행  사  명 : JDC 글로벌 아카데미(4강)
2. 일        시 : 2019. 5. 9.(목) 14:00
3. 장        소 : 첨단과학기술단지 세미양빌딩 대강당 
 * 주소  : 제주 제주시 첨단로 330 
4. 대        상 : 도민 200여명 (무료, 당일 선착순 입장)
5. 강        사 : 이지성 작가 (리딩으로 리드하라, 여자라면 힐러리처럼, 꿈꾸는다락방 등 저자)
6. 강의 주제 : 고전으로 생각을 깨우는 세가지 방법

※ 셔틀버스 탑승 : 한라체육관 시계탑 앞, 1시 15분까지 탑승
		"
59,"
				2019년도 제주국제자유도시개발센터 기록관리기준표 변경 고시
			","


공공기록물관리에 관한 법률 시행령 제25조 제5항에 근거하여

제주국제자유도시개발센터의 2019년 기록관리기준표를 붙임과 같이 변경 고시합니다.

*변경 고시 사유: 조직개편(2019.4.15)에 따른 변경
		"
60,"
				2019년 제주 공공데이터 활용 창업경진대회 알림
			","


			2019년 제주 공공데이터 활용 창업경진대회를 아래와 같이 개최하오니, 관심있는 분들의 많은 참여 바랍니다.
 
☐ 대회 개요
가. 대 회 명 : 제4회 제주 공공데이터 활용 창업경진대회
나. 주최/주관 : 제주특별자치도, JDC, 제주창조경제혁신센터, 제주지방기상청
다. 공모기간 : 2019.4.29.(월) ~ 6.14(금) [※ 심사 및 선정 : 2019.6.17.(월) ~ 6.24(월)]
라. 공모부문 : ① 아이디어 기획 ② 제품·서비스 개발
마. 참가자격 : 대한민국 국민 누구나

☐ JDC 역할 및 지원사항
가. 아이디어기획 부문 최우수상(200만원) 및 우수상(100만원) 상금 지급 [※ JDC 이사장상 수여]
나. 창업실비 최대 1,000만원 이내 지원
다. 공모기간 중 JDC 홈페이지를 통한 대회 홍보
라. 심사 시 심사위원 1인 추천

상세한 내용은 붙임의 포스터를 참고하시기 바랍니다.
		"
61,"
				JDC 특성화고 청소년 미래인재육성 프로그램 위탁 공고
			","


			 
JDC 특성화고 청소년 미래인재육성 프로그램 위탁 공고
 
제주국제자유도시개발센터는 제주 특성화고 청소년들에게 해외 진로 및 현장경험 기회 제공을 통한 글로벌 핵심인재로 양성하기 위하여 JDC 특성화고 청소년 미래인재육성 프로그램을 위탁하고자 다음과 같이 공고합니다.
2019년 4월 29일
제주국제자유도시개발센터 이사장
 
 
1. 사업개요
ㅇ (사 업 명) JDC 특성화고 청소년 미래인재육성 프로그램
ㅇ (사업기간) 협약일로부터 2019년 12월 31일
ㅇ (사업내용) 제주 특성화고 청소년의 전문성과 연관된 해외 진로 및 현장 체험 기회를 제공하고 현지 청소년과의 교류·봉사 등 글로벌 마인드 함양 활동
ㅇ (위탁사무) JDC 특성화고 청소년 미래인재육성 프로그램 운영 기준(안) 참조
ㅇ (사업예산) 금50,000,000원(금오천만원)
 
2. 신청자격
ㅇ 청소년 해외 진로 체험 및 현장 실습 관련 수탁업무에 적합한 전문 인력·경험 갖춘 비영리 법인으로서 공고일 현재 제주특별자치도에 등록된 단체
ㅇ 현지 활동거점 및 협력기관을 확보하고 있는 단체
ㅇ 사업비 중 자부담이 가능한 단체 (자부담 비율에 따라 가산점 추가)
 
3. 신청서 제출
ㅇ 접수기간 : 2019년 4월 29일(월) ~ 5월 10일(금) 18:00 마감
ㅇ 접수방법 : 우편 및 방문접수
ㅇ 접 수 처 : 제주특별자치도 제주시 첨단로 213-4 제주첨단과학기술단지 엘리트빌딩 4층 국제협력처
ㅇ 제출서류 : JDC 특성화고 청소년 미래인재육성 프로그램 운영 기준(안) 참조
 
4. 결과발표 : 2019. 5월 중 예정_선정기관 개별 통보
5. 기타 유의사항
ㅇ 공개모집과 관련하여 제출된 서류는 일체 반환하지 않음
ㅇ 공모에 참가하고자 하는 자는 JDC 홈페이지(www.jdcenter.com) 「JDC 특성화고 청소년 미래인재육성 프로그램 운영기준(안)」참조을 완전히 숙지하였다고 간주하여, 이를 숙지하지 못함으로 인해 발생하는 책임은 공모참가자에게 있음
ㅇ 제출된 서류의 내용이 사실과 다를 경우 위탁기관 선정을 무효로 할 수 있으며, 향후 공모참가 제한 등 제약을 받을 수 있음
ㅇ 기타 자세한 사항은 JDC 국제협력처(064-797-5641)로 문의하여 주시기 바람
 
		"
62,"
				제주신화페스티벌 프로그램 및 푸드 아이디어 공모 결과 발표
			","


			제주신화페스티벌 프로그램 및 푸드 아이디어 공모에 참여해주신 여러분께 감사드리며 심사결과를 알려드립니다.
 



분 야
시상구분
아이디어 명
시상내역


프로
			그램
대상
도깨비불처럼 신비한 신화속으로
상금
			100만원


최우수
와리지맙逍
각 상금
			50만원


최우수
신과 함께하는 할로영산


우수
신화 속 주인공은 나야나
각 상금
			20만원


우수
제주신화 가면(mask) 페스티벌


우수
어서와 제주 신은 처음이지?


우수
설문대할망, 함께하실?(신화와 우리의 연결고리)


우수
농경의 신 자청비가 제주에게 준 선물


푸드
대상
탐라소보루빵, 탕후루에 꽃이 피었네, 꿀꿀모찌, 감귤구슬티, 귤청밀크티
상금
			100만원


최우수
세 을나와 흑돼지 마농소스 숯불구이, 설문대 할망이 끓여주는
			세가지 가마솥수프
각 상금
			50만원


최우수
신화도시락, 동고랑과 차롱


우수
메밀브리또
각 상금
			20만원


우수
제주인싸이드


우수
영등할망표 보말 샐파



※ 푸드분야의 경우 우수에 해당하는 아이디어가 3건으로 나머지 2건의 우수상은 시상하지 않음
문의처 : (064)-797-5744
                                                                   감사합니다.
"
63,"
				2019 홈페이지 이용고객 정보수요분석 보고서
			","



기관 홈페이지 방문자 정보접근성 및 이용편의를 증대하기 위하여
2018년 홈페이지를 방문한 이용고객의 검색어 키워드 및 카테고리를 분석한 보고서입니다.
분석결과를 토대로 홈페이지를 개선한 부분과 추가 반영계획에 대한 내용 또한 수록되어있으니
참고하여주시기 바랍니다.
		"
64,"
				JDC 일자리 지원 공간(J-CUBE) 위탁운영기관 모집 공고
			","


			JDC 일자리 지원 공간(J-CUBE) 위탁 운영기관 모집 공고
 
제주국제자유도시개발센터(JDC)는 지역 특성을 반영한 취업·창업 프로그램 운영 및 종합적이고 체계적인 지원서비스 제공으로 JDC 일자리 지원 공간(J-CUBE)을 운영할 기관 모집을 다음과 같이 공고합니다.
2019년 3월 14일
제주국제자유도시개발센터 이사장
 
1. 사업개요
 
ㅇ (사 업 명) JDC 일자리 지원 공간(J-CUBE) 위탁 운영기관 모집 공고
ㅇ (사업내용)
- 취업 지원 프로그램 운영을 통한 취업상담 및 취업매칭, 맞춤형 취업 컨설팅 등 진로지도 상담, 취업 지원 사후관리
- (예비)창업자 역량강화를 위한 창업 교육 One-stop 체계 구축
  ※ 세부내용은 ‘제안요청서’ 참조
ㅇ (사업기간) 2019년 5월 1일 ~ 2020년 2월 29일
ㅇ (사업예산) 금삼억원정(₩300,000,000)
 
2. 신청자격
ㅇ 비영리 민간단체지원법 제4조 및 동법시행령 제3조에 의하여 비영리단체로 등록된 법인·단체 ※ 지역 제한 없음
- J-CUBE 운영을 위한 사업계획 수립 및 취업·창업 교육 관련 전문지식 및 경험과 J-CUBE 운영에 적합한 인적·물적 인프라를 갖추고 있어야 함
ㅇ 「국가를 당사자로 하는 계약에 관한 법률」제27조 및 「공기업·준정부기관 계약사무규칙」제15조에 해당하는 경우(부정당업자)는 신청할 수 없음
 
3. 신청서 제출
ㅇ 접수기간 : 2019년 3월 14일(목) ~ 3월 26일(화) 18시 마감
ㅇ 접수방법 : 직접방문 또는 우편접수 ※우편접수는 3월26일 18시 전 담당자 수령 기준
ㅇ 접 수 처 : 제주특별자치도 제주시 첨단로 213-4 제주첨단과학기술단지 엘리트빌딩 4층 일자리혁신팀
ㅇ 제출서류 : 제안요청서 참조
 
4. 위탁기관 선정
ㅇ 선정방법 : 서류 및 제안서 평가(사업계획 제안 설명 PT발표 및 질의응답)
ㅇ 평가일정 및 장소 : 개별 통보
ㅇ 결과발표 : 최종 선정기관 개별 통보
ㅇ 추후일정 : 최종 선정기관과 선정 통보일로부터 5일 이내 협상 후 10일 이내 업무협약 체결
 
5. 기타 유의사항
ㅇ 공개모집과 관련하여 제출된 서류는 일체 반환하지 않음
ㅇ 공개모집에 응모하고자 하는 신청자는 JDC 홈페이지(www.jdcenter.com) 모집공고, 제안요청서 등 관련내용을 완전히 숙지하고 공개모집에 임하여야 하며, 이를 숙지하지 못하여 발생한 사항에 대한 책임은 신청자에게 있음
ㅇ 제출된 서류의 내용이 사실과 다를 경우 위탁기관 선정을 무효로 할 수 있으며, 향후 공모참가 제한 등 제약을 받을 수 있음
ㅇ 문의안내
- 담당자 : 제주국제자유도시개발센터 일자리혁신팀 유동소
- 전 화 : 064)797-5655 / E-mail : eoauddurh@jdcenter.com
 
		"
65,"
				제주신화페스티벌 프로그램 및 푸드 아이디어 공모전 공고
			","


			JDC제주신화페스티벌 프로그램 및 푸드 아이디어 공모전 공고
 
제주국제자유도시개발센터는 제주신화페스티벌 발전을 위한 대중들의 다양한 의견을 수렴하고자‘JDC 제주신화페스티벌 프로그램 및 푸드 아이디어 공모전’을 개최하고자 합니다. 관심 있는 국민 여러분의 많은 참여 부탁드립니다.
 
2019년 3월 11일
제주국제자유도시개발센터 이사장
 
1.축제개요
ㅇ 축 제 명 : 제주신화페스티벌
ㅇ 축제기간 : 2019. 10. 4.(금) ~ 10. 6.(일)
ㅇ 축제장소 : 신화역사공원 일원
ㅇ 주최/주관 : 제주국제자유도시개발센터
※ 축제 기간 및 장소는 추후 변경될 수 있음
 
2. 공모개요
ㅇ 공 모 명 : 제주신화페스티벌 프로그램 및 푸드 아이디어 공모
ㅇ 공모기간 : 2019. 3. 11.(월) ~ 4. 5.(금)
ㅇ 참가자격 : 대한민국 국민으로서 참신한 아이디어를 가진 누구나 가능
ㅇ 공모분야 : 2개 분야(1분야 1회 응모가능)
  - 프로그램 분야
    ‘제주신화·전설’을 소재로 하며 남녀노소의 흥미를 유발하고 실현가능한 프로그램
  - 푸드 분야
    ‘제주신화·전설’스토리텔링을 입힌 제주로컬푸드를 활용한 축제 특화 푸드
    ※ 축제 특징을 참신하고 창의적으로 표현한 푸드

3. 접수관련 사항
ㅇ 접수기한 : 2019. 3. 11.(월) ~ 4. 5.(금) 18시 까지(18시 이후 접수 받지 않음)
ㅇ 접수방법 : 방문, 우편 또는 e-mail 접수
   - 방문제출 : 주말 및 공휴일 접수 불가
   - 우편접수 : 제출기한까지 도달한 건에 한하여 접수
     ※ 제안서 및 개인정보수집동의서(붙임참조) 제출 시 서명 필수
ㅇ 접 수 처
   - 우편주소 : 제주특별자치도 제주시 첨단로 213-4 제주첨단과학기술단지 엘리트빌딩 306호 관광산업처
   - e-mail주소 : jdcfest@jdcenter.com
 
4. 유의사항
ㅇ 제안서에 대한 지적재산권(2차 저작물 작성권 및 사용권 포함)은 JDC에 귀속되어 수정 및 보완하여 사용할 수 있으며 응모(접수)된 제안서는 일체 반환되지 않음
ㅇ 수상작과 관련하여 지적재산권 분쟁 등 법적 분쟁 발생 시 제안자 본인에게 책임이 있으며, 저작권 침해 우려가 있는 경우 수상을 취소하고 상금을 환수 조치할 수 있음
ㅇ 표절 또는 기존 공모전 출품작과 유사한 작품은 수상에서 제외되며 수상 이후라도 위반사실이 밝혀진 경우 수상을 취소함
ㅇ 수상작은 제주신화페스티벌 각종 행사 등에 활용되며 필요시 수정 및 보완될 수 있음
ㅇ 제출작 중 적합한 작품이 없을 경우, 해당 당선작을 선정하지 않을 수 있음
ㅇ 상금에 대한 제세공과금을 수상자가 부담함
 
5. 심사 및 시상관련 사항
ㅇ 심사 및 수상작 발표
   - 심사일정 : 4월 중 예정
   - 심사방법 : 2단계로 나누어 실시 ※ 부문별 제안건수 10건 미만 시 1차 심사 생략
    · (1차) JDC 내부 서류심사, 2차 심사대상 선정(분야별 10건 내외)
    · (2차) 별도 심사위원회 구성, 내·외부 심사위원 서면심사
  * 주제적합성(30), 경제성(10), 독창성(20), 실현가능성(30), 대중성(10)
ㅇ 선정방법(분야별 동일)
  - 평가 총점은 평가항목별 심사위원들의 점수를 산술평균 하여 고득점 순으로 선정
  - 동점일 경우 배점기준이 높은 평가항목(고득점) 순으로 선정
ㅇ 선정결과 발표 : 2019. 4. 12.(금), 개별통보 및 JDC홈페이지 공지
    ※ 선정결과 발표일은 사정에 따라 변경될 수 있으며 변경 시 홈페이지에 공지
ㅇ 분야별(프로그램, 푸드) 시상계획(제세공과금 포함, 별도시상식 없음)
   - 대상(1명) : 1,000,000원
   - 최우수(2명) : 각 500,000원
   - 우수(5명) : 각 200,000원
   ※ 시상내역은 접수규모 및 내용에 따라 변경 가능
 
6. 기타사항
ㅇ 본 공모에 대한 세부사항은 제주국제자유도시개발센터 홈페이지 공지사항을 참고하시기 바랍니다.
ㅇ 상기 공고내용은 제주국제자유도시개발센터 사정에 따라 변경될 수 있으며, 관련 사항은 센터 홈페이지에 공지합니다.
ㅇ 기타 문의사항은 제주국제자유도시개발센터 관광산업처(☎064-797-5744)로 문의하시기 바랍니다.

 
		"
66,"
				JDC, '사랑의 리모델링' 사업 지원 신청자 모집공고
			","


			JDC 사랑의 리모델링 사업 안내
[1. 사업개요]
1. 사 업 명 : JDC 사랑의 리모델링
* 보일러 교체, 전기공사, 도배, 장판, 싱크대 교체 등 소규모 집수리 지원 사업
2. 사업기간 : 2019. 02. 01 ~ 2019. 12. 31 (11개월)
3. 사 업 비 : 금274,000,000원 (금이억칠천사백원)
4. 지원대상 : 도내 저소득 아동 가구 및 사회복지시설
5. 대상자선정 : 심사평가위원회에서 선정
6. 공사진행 : 전자입찰을 통한 업체선정․ 사업비 일괄 집행
7. 사업비집행주체: 초록우산 어린이재단
 
[2. 주요 사업내용]
1. 지원규모: 아동가정 가구 22세대, 사회복지시설 11개소에 지원
가. 아동가정 가구 세대 당 최대 500만원(22세대)
나. 사회복지시설 개소 당 최대 1,500만원(11개소)
* 공사규모에 따라 가구별 시설별 금액 상이

2. 지원내용 : 주거시설 성능개선 및 생활편의 개선 등에 지원



서비스 분류
서비스 내용


주거시설
			성능개선
방수, 지붕, 창호, 목공사, 조적․미장 및 타일공사, 난방, 단열, 보일러교체, 상․하수공사, 전기공사, 스프링클러, 방범창 설치 등


생활편의개선
씽크대, 신발장, 이불장, 서랍장, 책상, 의자 등 가구교체,
			도배․장판공사, 위생기구교체



* 단, 전자제품 및 생활용품은 제외

[3. 세부 추진계획]
1. 지원대상 신청조건: 아래의 조건을 모두 충족한 경우에 해당
가. 아동가정 가구
ㅇ 기준 중위소득 60% 이하인 가정
* 한 부모 가정 및 조손가정 지원 대상 선정기준 기준 중위소득 60% 이하,
복지급여 지급기준 중위소득 52% 이하(‘18년 기준)
ㅇ 최근 2년 이내 주거환경개선 서비스를 받지 않은 가정
ㅇ 임대인과 주거 환경개선에 대한 합의가 된 가정(임차인해당)
나. 사회복지시설
ㅇ 기관대표자 및 법인(종교, 사회복지법인 등) 소유의 건물
ㅇ 최근 3년간 유사사업으로 지원을 받은 사실이 없는 곳
* 단, 신청수가 지원 대상 수에 미치지 못할 경우, 차 순위 (2년 이내 지원을 받은 사실이 없는 시설, 1년 이내 지원을 받은 사실이 없는 시설) 순으로 신청조건을 확대할 수 있음
<지원 제외 대상>



1.건물(토지포함) 등기부 등본 상 압류․가압류․가등기 및 소유권 행사에 제한이
			되는 가처분․예고등기 등이 있는 건물(토지포함)
			2. 조건부 신고필증 미 취득 신고 기관
			3. 미등기 건물 및 건축물관리대장 상 위반건축물로 확인된 건물
			4. 최근 5년 이내에 준공된 곳
			5. 시설(기관)장의 비위, 보조금 집행관련 행정처분, 안전사고 등 사회적 물의
			를 일으킨 사례가 있는 곳
			6. 정치적 또는 종교적 목적을 지향하고 있는 사업 또는 기관
			(단, 사회복지사업을 수행하는 종교법인 내 기관에서 지원하는 경우 가능)
			7. 정부 및 지자체, 병원 등 공공의 목적으로 운영되는 기관
			8. 사회적기업, 협동조합 등 이윤창출을 위해 활동하는 단체 또는 기관
			9. 사랑의 리모델링 서비스 지원 후 임대인과의 계약파기 가능성이 있는 경우
			(임차인이 신청한 경우)



 
2. 대상자 선정
가. 제출서류



구분
접수서류
비고


아
			동
			가
			구
JDC 사랑의 리모델링 사업 신청서 1부
공사관련 사진 원본 요청


개인정보수집․활용․제공동의서 1부
․ 자가: 신청자용 1부
			․ 임차인:신청자/임대인용 각1부


주민등록등본 1부
 


임대차계약서 1부
임차인 해당


건축등기부등본 사본 1부 (주택소유자 확인)
자가 소유 해당


공사 견적서 1부
 


수급자
수급자증명서 1부
 


차상위
			계층
차상위 본인부담 경감대상자 증명서1부
			한부모가족증명서 1부
 


일반
			저소득
급여명세서 (1순위)
			근로소득원천징수영수증(2순위)
			건강보험료 납부확인서(3순위)
 


사
			회
			복
			지
			시
			설
JDC 사랑의 리모델링 사업 신청서 1부
공사관련 사진 원본 요청


고유번호증 및 시설신고증 1부
 


개인정보수집․활용․제공동의서 1부
 


시설도면 1부
 


견적서 1부
 


* 모든 문서의 주민등록번호 뒷자리를 제외(뒷자리가 나오지 않게 발급 또는 보이지 않도록 처리)하고 제출함.




나. 접수일정
ㅇ접수기간 : 2019. 2. 19.(화)~ 3. 8.(금)
ㅇ서식다운 :
① 제주국제자유도시개발센터 홈페이지 공지사항
https://www.jdcenter.com
② 초록우산 제주종합사회복지관 홈페이지 공지사항
http://www.childfund-jeju.or.kr

ㅇ접수방법 : 재단 이메일 (childjeju@childfund.or.kr) 공문 제출
ㅇ서류발표 : 2019년 3월중 개별안내

다. 심사절차



신청접수
‣
서류1,2차 심사
‣
현장 확인
‣
최종평가




라. 선정기준
- 심사기준에 의거하여 고득점 순으로 대상자 선정
: 동점자가 발생하는 경우 주거의 위험성을 우선 적용 심사

3. 문의
ㅇ 초록우산 어린이재단 제주지역본부 복지사업팀
이성경팀장, 김은영 사회복지사 ☎ 753-3702~3



 
		"
67,"
				2019년도 제주국제자유도시개발센터 기록관리기준표 고시
			","


공공기록물관리에 관한 법률 시행령 제25조 제5항에 근거하여

제주국제자유도시개발센터의 2019년 기록관리기준표를 붙임과 같이 고시합니다.

 
		"
68,"
				JDC 제2차 사회적경제조직 지원사업 지원대상 모집 공고
			","


			                                                                                   JDC 제2차 사회적경제조직 지원사업 지원대상 모집 공고
 
제주국제자유도시개발센터(JDC)가 지원하고 (재)한국사회투자가 수탁 운영하는 「JDC 제2차 사회적경제조직 지원사업」의 지원대상을 다음과 같이 공고합니다.
 
                                                                                                                                                                                                                                2019년 1월 16일
                                                      제주국제자유도시개발센터(JDC)                                                      (재)한국사회투자
 
1. 사업개요
ㅇ (대상분야)
 - 일자리 창출, 사회서비스 제공 등 혁신적인 아이디어로 사회적 가치를 창출하는 기업, 제주의 장점과 특색을 살린 제주형 사업
ㅇ (지원대상) 제주 소재 성장기 사회적경제조직
 - 제주도 내 주 사무소*를 둔 (예비)사회적기업, (사회적)협동조합, 자활기업, 마을기업, 소셜벤처**
 - 공고일 현재 설립 3년 이상 또는 연 매출 4억원 이상인 성장기 기업



* 주 사무소: 법인 등기부등본 상 본/지점이 제주도 내 등록되어있고, 주된 사업장이 제주도라고 판단되는 경우
			** 소셜벤처: 한국사회적기업진흥원 주최 ‘사회적기업가육성사업’ 선정기업, ‘소셜벤처경연대회‘ 수상기업, 사회적가치 창출 추구하는 벤처기업 포함



ㅇ (지원규모 및 융자조건)
 - 지원규모 : 지원대상별 최소 30백만원 ~ 최대 100백만원
 - 융자기간 및 조건 : 최장 3년, 무이자 (1년 거치 2년 균등분할상환)
ㅇ (지원금액) 500백만원  * 최대 10개 기업/사회성과 인센티브 4천만원 이하포함
    ※ 세부내용은 ‘붙임자료’ 참조
 
2. 접수방법
ㅇ 접수기간 : 2019. 1. 16.(수) ~ 2019.1.30.(수) 낮 12시
  ※ 대상자가 없는 경우 연장 공고 할 수 있습니다.
ㅇ 접수방법 : 이메일 접수 (접수기간 중 이메일로 수시 접수) 
 - 구비서류를 파일로(한글, PDF 등) 순번대로 맞춰 압축하여 이메일 제출
 - 이메일 제목 및 파일명은 “JDC_법인명”으로 명기
ㅇ 제출서류
  - [붙임1] 제출서류 목록, [붙임2] 융자신청서 서식 참고
  ※ 제출 서류는 일체 반환하지 않습니다.
 
3. 사업설명회
ㅇ 일시 : 2019. 1. 23. (수) 14시
ㅇ 장소 : 제주 사회적경제지원센터 내 몬딱가공소 대강당
 - 제주특별자치도 제주시 중앙로 165번지 고용복지플러스센터 1층
  ※ 온라인 사전신청 요망 (http://naver.me/GTMaa5Of)
 
4. 기타 유의사항
ㅇ 본 사업 신청과 관련하여 발생하는 비용은 신청기관이 부담하며 제출된 서류는 일체 반환하지 않습니다.
ㅇ 신청서의 모든 내용은 객관적으로 입증할 수 있어야 하며, 사업 내용 및 제출서류가 허위로 밝혀질 경우 심사 중단, 융자금 회수 및 손해배상을 청구할 수 있으며. 이에 필요한 제반비용은 신청기관부담으로 합니다.
ㅇ 필요시 신청기관에게 추가 자료를 요청할 수 있습니다.
ㅇ 공지를 숙지하지 않아 발생한 불이익 및 책임은 신청 기업에 있습니다.
 
5. 문의안내
ㅇ 한국사회투자 JDC 사회적경제지원사업 담당자
 - 윤한득(02-2278-7544), 민경갑(02-2285-4390)
 - 이메일(new@sifund.kr)
 
		"
69,"
				항공우주박물관 드론 체험 특별기획전
			","




사업명
항공우주박물관 드론 체험 특별기획전


계약일자
2018.12.07.


계약시기
2018.12.07.


계약종기
2018.12.30.


예정가격(A) 또는 예정금액
19,800,000원


계약금액(B)
19,800,000원


계약율(B/A)
100%


업체명
퓨스포


대표자
김종우


주소
경기도 파주시 운정3길(상지석동)


수의계약사유
국계법시행령 제26조제1항5호가목


관련 부서명
항공우주박물관처



"
70,"
				JDC 사랑나눔 중국어캠프 신청기간 연장 알림
			","

제주한라대학교공자학원에서는  2018 「 JDC 사랑나눔 중국어 캠프 」 와 관련하여 신청기간을 연장 선발하고자 안내드리니 많은 참여바랍니다.  
   ​
가 .  사업명 : 2018 「 JDC 사랑나눔 중국어 캠프 」
나 .  캠프일정 : 2019 년  1 월  14 일 ( 월 ) - 1 월  18 일 ( 금 ), (4 박  5 일 ) 
다 .  대상 :  초등학생  6 학년 , 60 명 
라 .  참가비 :  무료
마 .  연장 신청기간 :  2018 년  12 월  24 일 ( 월 ) - 12 월  28 일 ( 금 ), 12:00
바 .  선발인원 :  제주도내 초등학교생  6 학년 , 40 여 명 예정
    *  총  60 명 선발 (JDC 선발  20 여명 외 일반 참가자 선발 ) 
사 .  선발발표 : 2018 년  12 월  28 일 ( 금 ), 17:00,  제주한라대학교공자학원 홈페이지 및 개별연락
아 .  선발방법 :  선발인원 초과 시 ,  전자추첨
문의 : 제주한라대학교 공자학원(741-6545)
"
71,"
				JDC 글로벌 인재육성 해외인턴십 수탁기관 모집 공고
			","

JDC 글로벌 인재육성 해외인턴십
수탁기관 모집 공고
 
제주국제자유도시개발센터는 제주출신 전국지역 대학생에게 해외인턴십의 기회를 제공하여 글로벌 핵심인재로 양성하고자 JDC 글로벌 인재육성 해외인턴십의 위탁 운영기관 모집을 다음과 같이 공고합니다.
2018년 12월 18일
제주국제자유도시개발센터 이사장
 
1. 사업개요
 ㅇ (사 업 명) JDC 글로벌 인재육성 해외인턴십
 ㅇ (사업내용)
    - 열정과 잠재력이 있는 제주출신 전국지역 대학생 대상으로 해외진출에 필요한 역량을 제고하여 해외인턴십 기회 제공 및 글로벌 인재육성
 ㅇ (사업기간) 협약일로부터 2020년 2월
 ㅇ (연수국가) 미국, 베트남
 ㅇ (지원대상) 제주도 출신 전국지역 대학생
   - 미국 20명, 베트남 10명, 총 30명 선발 (우선선정 대상* 20%)
    * 우선선정대상 범위 : 저소득층(기초생활수급자, 최저생계비 150% 이하_차상위 및 차차상위 계층, 소득1~3분위)·취업취약계층(장애인, 여성가장)·국가유공자의 자녀
 ㅇ (사업예산) 총사업비 금295,000,000원
    - JDC 지원비 259,000,000원, 학생자부담 36,000,000원
    ※ 세부내용은 ‘제안요청서’ 참조
 
2. 신청자격
 ㅇ 고용노동부에 (유료)직업소개사업소로 등록하고, 사업자등록증 상 종목에 ‘국외(유료)직업소개소’를 포함하고 있는 해외 취업교육·해외 취업지원 전문 사업자
3. 신청서 제출
 ㅇ 접수기간 : 2018년 12월 18일(화) ~ 12월 24일(월) 18:00 마감
 ㅇ 접수방법 : 우편 및 방문접수
 ㅇ 접 수 처 : 제주특별자치도 제주시 첨단로 213-4 제주첨단과학기술단지 엘리트빌딩 3층 홍보협력실
 ㅇ 제출서류 : 제안요청서 참조
 
4. 수탁기관 선정
 ㅇ 선정방법 : 서류 및 면접평가(사업계획 제안 설명 및 질의응답)
 ㅇ 평가일정 및 장소 : 2018.12.27.(목), 14시 예정 / JDC 본사 중회의실 2
 ㅇ 결과발표 : 선정기관 개별 통보
 
5. 기타 유의사항
 ㅇ 공개모집과 관련하여 제출된 서류는 일체 반환하지 않음
 ㅇ 공개모집에 응모하고자 하는 신청자는 JDC 홈페이지(www.jdcenter.com) 모집공고, 제안요청서 등 관련내용을 완전히 숙지하고 공개모집에 임하여야 하며,
      이를 숙지하지 못하여 발생한 사항에 대한 책임은 신청자에게 있 음
 ㅇ 제출된 서류의 내용이 사실과 다를 경우 수탁기관 선정을 무효로 할 수 있으며, 향후 공모참가 제한 등 제약을 받을 수 있음
 ㅇ 문의안내
    - 담당자 : 제주국제자유도시개발센터 홍보협력실 홍단비 과장
    - 연락처 : ☎ 064)797-5764 이메일 : sweetrain@jdcenter.com
 
		"
72,"
				공공기관 사회적가치기여도조사 관련 개인정보 제3자 제공사항 알림
			","


【공공기관 사회적가치기여도조사 관련 개인정보 제3자 제공사항 알림】
 
 
ㅇ ≪제주국제자유도시개발센터≫는 정보주체의 동의, 법률의 특별한 규정 등 「개인정보보호법」제17조 및 제18조에 해당하는 경우에만 개인정보를 제3자에게 제공합니다.
 
ㅇ ≪제주국제자유도시개발센터≫는 다음과 같이 개인정보를 제3자에게 제공하고 있습니다.
 
- 제공 일자 : 2018. 12. 12.
 
- 제공의 법적 근거 : 「개인정보보호법」제18조제2항제2호, 「공공기관 운영에 관한 법률」제13조제2항, 동법시행령 제17조제3항
 
- 제공받는 자의 개인정보 이용 목적 : 공공기관의 사회가치 기여수준에 대한 파악을 위한 ≪제주국제자유도시개발센터≫의 서비스를 직접 경험한자에 대한 설문조사 실시
 
- 제공하는 개인정보 항목 : 서비스 받은 업무명, 고객사명(법인),성명, 성별, 연령대(필요시), 직급, 전화번호
 
- 제공받는 자의 보유기간 : 2018년도 공공기관 사회적가치 기여도 조사 완료시까지
		"
73,"
				제주 사회적경제 소셜벤처 지원사업  '낭그늘'  참여대상 모집 공고
			","



"
74,"
				JDC 제2차 사회적경제조직 지원사업 수탁기관 모집 재공고
			","

JDC 제2차 사회적경제조직 지원사업 수탁기관 모집 공고
 
제주국제자유도시개발센터는 제주도 내 사회적경제조직 지원대상 발굴하고 혁신조직 성장 지원을 통한 지역 생태계 활성화 및 사회적 가치 실현을 위하여 사회적경제조직 지원사업을 위탁하고자 다음과 같이 공고합니다.
2018년 12월 11일
제주국제자유도시개발센터 이사장
 
1. 사업개요
 ㅇ (사 업 명) JDC 제2차 사회적경제조직 지원 사업
 ㅇ (사업내용)
   - 제주지역 일자리 및 사회서비스 창출을 사회적경제조직의 혁신성장 촉진을 위해 금융(투자), 컨설팅,
     네트워킹 지원 등 경영애로 해소지원
ㅇ (사업기간) 협약일로부터 40개월
ㅇ (지원대상) 사회적경제조직
  - 제주도 내에 주 사무소를 둔 (예비)사회적기업, 협동조합, 사회적협동조합, 마을기업, 자활기업 및 소셜벤처 등
ㅇ (사업금액) 700백만원
   ※ 세부내용은 ‘제안요청서’ 참조
 
2. 신청자격
ㅇ 사회적경제기업 지원 관련 수탁업무에 적합한 전문 인력·경험 갖춘 법인으로서
     사회투자 및 사회적금융 사업 수행을 목적으로 설립된 비영리 법인
  - 수익사업에 관한 민간 제안서 등에 대한 수익성 분석이 가능한 기관
  - 기업에 대한 신용평가, 재무분석, 보증설정 등 금융에 관한 전문성, 노하우 갖춘 역량 있는 기관
 
3. 신청서 제출
ㅇ 접수기간 : 2018년 12월 11일(화) ~ 12월 14일(금) 18:00 마감
ㅇ 접수방법 : 우편 및 방문접수
ㅇ 접 수 처 : 제주특별자치도 제주시 첨단로 213-4 제주첨단과학기술단지 엘리트빌딩 3층 홍보협력실
ㅇ 제출서류 : 제안요청서 참조
 
4. 수탁기관 선정
ㅇ 선정방법 : 서류 및 면접평가(사업계획 제안 설명 및 질의응답)
ㅇ 평가일정 및 장소 : 2018.12.20.(목), 14시 예정 / JDC 본사 중회의실 2
ㅇ 결과발표 : 선정기관 개별 통보
 
5. 기타 유의사항
ㅇ 공개모집과 관련하여 제출된 서류는 일체 반환하지 않음
ㅇ 공개모집에 응모하고자 하는 신청자는 JDC 홈페이지(www.jdcenter.com) 모집공고, 제안요청서 등 관련내용을
    완전히 숙지하고 공개모집에 임하여야 하며, 이를 숙지하지 못하여 발생한 사항에 대한 책임은 신청자에게 있음
ㅇ 제출된 서류의 내용이 사실과 다를 경우 수탁기관 선정을 무효로 할 수 있으며, 향후 공모참가 제한 등 제약을 받을 수 있음
ㅇ 문의안내
  - 담당자 : 제주국제자유도시개발센터 홍보협력실 홍단비 과장
  - 연락처 : ☎ 064)797-5764 이메일 : sweetrain@jdcenter.com

 
		"
75,"
				사회공헌사업 아이디어 공모 선정결과
			","


			2018 JDC 사회공헌사업 아이디어 공모 선정결과
 
 
국민이 기관에 원하는 사회기여 방안을 발굴하고 기관 사회공헌 사업에 실질적으로 반영하고자 개최한 JDC 사회공헌사업 아이디어 공모의 선정결과를 아래와 같이 알려드립니다.
 



구분
선정작
분야
사회공헌 아이디어 명칭
시상내역


대상
1팀
환경보전
제주형 통합 장바구니
상금 200만원 및 상장


최우수
2팀
복지나눔
장애인도 맛있는 제주 음식을 먹을수 있어요!
상금 100만원 및 상장


복지나눔
공유플랫폼을 활용한 저소득층 장애아동 보조기구 지원사업 활동


우수
3팀
복지나눔
초등학교 아동기 전환교육을 위한 예비학교‘얘들아 새싹학교 가자!’
상금 50만원 및 상장


지역상생
제주해녀 사망사고 예방을 위한 신기술(IOT, 드론)적용과 소득증대 시범사업


환경보전
쓰레기를 잘 버리면 제주를 후원할 수 있습니다.


참가상
20팀
문화진흥
제주도내 공공도서관 ‘북쉐어링 카(BOOK SHARING CAR)’ 운영
기프트콘
			(2만원상당)


복지나눔
청소년 독서치료 북멘토


환경보전
제주 환경보전 볼런투어 프로그램 : 멘도롱 버스


인재양성
도내 중고생 입시 정보 제공을 위한 입시 명강사 초청 토크쇼 지원


환경보전
화재로부터 안전한 제주 전통시장


문화진흥
찾아가는 예술, 제주 문화 더하기


복지나눔
도내 자연재해(태풍) 취약계층 대상 주거환경 개선사업


지역상생
제주마을과 전국 도시간 자매결연으로 관광안내/홍보관, 특산물 직거래장터 운영


지역상생
하르방 택배사업


복지나눔
한부모 가정 역량강화 지원사업


환경보전
지속가능한 제주를 위한 CVJ(Conservation Volunteer Jeju)


지역상생
다시 제주


지역상생
시니어 강사 요리 프로그램


복지나눔
JDC 취약계층 일자리 매칭 플랫폼


지역상생
JDC와 함께하는 “오버투어리즘-마을에서 답을 찾다”프로젝트


환경보전
JDC 노플라스틱 챌린지


복지나눔
JDC 책놀이 멘토링 봉사단


지역상생
JDC 폐교 재생 프로젝트


지역상생
제주 신생 창업기업 및 소상인 글로벌 육성 아카데미


환경보전
지역사회와 함께하는 아트콜라보




 
 
참여해주신 모든 분들께 진심으로 감사드립니다.
 
		"
76,"
				JDC 제2차 사회적경제조직 지원사업 수탁기관 모집 공고
			","


			                                                                            JDC 제2차 사회적경제조직 지원사업 수탁기관 모집 공고
 
제주국제자유도시개발센터는 제주도 내 사회적경제조직 지원대상 발굴하고 혁신조직 성장 지원을 통한 지역 생태계 활성화 및 사회적 가치 실현을 위하여 사회적경제조직 지원사업을 위탁하고자 다음과 같이 공고합니다.
2018년 11월 29일
제주국제자유도시개발센터 이사장
 
1. 사업개요
 ㅇ (사 업 명) JDC 제2차 사회적경제조직 지원 사업
 ㅇ (사업내용)
   - 제주지역 일자리 및 사회서비스 창출을 사회적경제조직의 혁신성장 촉진을 위해 금융(투자), 컨설팅, 네트워킹 지원 등 경영애로 해소지원
ㅇ (사업기간) 협약일로부터 40개월
ㅇ (지원대상) 사회적경제조직
   - 제주도 내에 주 사무소를 둔 (예비)사회적기업, 협동조합, 사회적협동조합, 마을기업, 자활기업 및 소셜벤처 등
ㅇ (사업금액) 700백만원
    ※ 세부내용은 ‘제안요청서’ 참조
 
2. 신청자격
ㅇ 사회적경제기업 지원 관련 수탁업무에 적합한 전문 인력·경험 갖춘 법인으로서 사회투자 및 사회적금융 사업 수행을 목적으로 설립된 비영리 법인
   - 수익사업에 관한 민간 제안서 등에 대한 수익성 분석이 가능한 기관
   - 기업에 대한 신용평가, 재무분석, 보증설정 등 금융에 관한 전문성, 노하우 갖춘 역량 있는 기관
 
3. 신청서 제출
ㅇ 접수기간 : 2018년 11월 29일(목) ~ 12월 7일(금) 18:00 마감
ㅇ 접수방법 : 우편 및 방문접수
ㅇ 접 수 처 : 제주특별자치도 제주시 첨단로 213-4 제주첨단과학기술단지 엘리트빌딩 3층 홍보협력실
ㅇ 제출서류 : 제안요청서 참조
 
4. 수탁기관 선정
ㅇ 선정방법 : 서류 및 면접평가(사업계획 제안 설명 및 질의응답)
ㅇ 평가일정 및 장소 : 2018.12.12.(수), 14시 예정 / JDC 본사 중회의실 2
ㅇ 결과발표 : 선정기관 개별 통보
 
5. 기타 유의사항
ㅇ 공개모집과 관련하여 제출된 서류는 일체 반환하지 않음
ㅇ 공개모집에 응모하고자 하는 신청자는 JDC 홈페이지(www.jdcenter.com) 모집공고, 제안요청서 등 관련내용을 완전히 숙지하고 공개모집에 임하여야 하며,
     이를 숙지하지 못하여 발생한 사항에 대한 책임은 신청자에게 있음
ㅇ 제출된 서류의 내용이 사실과 다를 경우 수탁기관 선정을 무효로 할 수 있으며, 향후 공모참가 제한 등 제약을 받을 수 있음
ㅇ 문의안내
   - 담당자 : 제주국제자유도시개발센터 홍보협력실 홍단비 과장
   - 연락처 : ☎ 064)797-5764 이메일 : sweetrain@jdcenter.com
 
		"
77,"
				2019 JDC 꿈꾸는 장학생 모집안내
			","


			2019 JDC 꿈꾸는 장학생 모집안내



제주국제자유도시개발센터와 초록우산 어린이재단 제주지역본부는 학업, 예술, 체육 등 특정분야에서 자신의 소질과 재능을 계발하여 미래사회의 우수한 인재로 성장할 잠재력을 가진 「2019 JDC 꿈꾸는 장학생」을 모집합니다.



 
 
■ 지원대상 및 지원분야
1) 지원대상: 2019년 기준 초등학교 1학년～고등학교 3학년 재학 아동
(단, 학업은 고등과정만 해당)

2) 지원분야



지원분야
지원 세부분야(예시)


학업
			(400만원)
학업성적 우수, 과학·수학·어학 등 우수 (고등과정만 해당)


예술
			(650만원)
음악
국악(기악, 타악, 성악), 기악(피아노, 현악, 관악), 성악, 작곡, 지휘 등


미술
공예, 금속조형, 도예, 동양화, 산업디자인, 서양화, 섬유미술, 시각디자인, 조소,
			패션디자인, 판화, 회화 등


무용
발레, 한국무용, 현대무용 등


체육
			(600만원)
골프, 농구, 럭비, 리듬체조, 배구, 배드민턴, 빙상, 사격, 사회체육, 수영, 스키, 씨름, 야구, 양궁, 유도, 육상, 체조, 축구, 탁구, 태권도, 테니스, 핸드볼, 댄스스포츠 등



 
3) 지원내용 : 1인당 연간 400만원~최대 650만원



구분
장학금 지원내용


내용
- 학원비, 개인레슨비 등
			- 교재・교구 구입비(악기구입, 교재구입, 운동복 구입 등)
			- 대회참가비용
			- 재능계발장소 연계비(독서실, 연습실 등)
			- 교통비 등



■ 접수기준 및 접수서류
1) 접수기준



구분
내용


학업
고등학교
<다음 중 1항목 이상 해당 되는 아동>
			① 당해 연도 기준 ‘전국연합학력평가’
			- 국어, 수학, 영어, 사회·과학탐구 4개 영역 중 3개 영역 이상이 2등급 이내
			- 한국사 1등급
			* 탐구영역 - 사회·과학탐구 중 택1
			4과목 중 상위 2과목의 평균 등급으로 산정
			(단, 1등급·2등급의 경우 1등급/ 2등급·3등급의 경우 2등급으로 계산함)
			* 외국어 영역에 제2외국어, 한문은 포함하지 않음
			② 전년도 1, 2학기와 당해 연도 1학기 각각의 학교생활기록부 공통 4과목
			(국어, 수학, 영어, 사회·과학 탐구 중 택1) 평균 석차등급이 2등급 이내
			* 고등학교 1학년의 경우, 당해 연도 1학기 성적만 해당함
			③ 최근 2년 이내 전국, 광역시․도, 교내 등 경시대회에서 수상경력이 있는 경우
			* 고등학교 수상경력만 해당


예술
			·
			체육
* 아래 기준을 모두 충족해야 함
			① 예・체능 분야에 재능이 있는 아동으로 최근 2년 이내 광역시․도 단위 이상의 실기/경시
			대회에서 입상실적이 있는 아동
			② 재능과 관련된 분야의 전문가 추천서 필수 제출
			(재능지도자 또는 학교 담임교사 등 전문가의 의견을 고려하여 선정함)


공통
* 아래 기준을 모두 충족해야 함
			① 국민기초생활보장법 제2조 제1호에 규정된 수급권자, 동조 제10호에 규정된 차상위계층 아동, 일반 저소득 가정 아동
			② 학교장, 해당분야 전문가, 사회복지관련기관(또는 시설)의 장, 동·면사무소 장 등의 추천을 받은 아동
			③ 재단의 요청 시 정보공개가 가능한 아동
			④ 본 사업과 동일한 성격의 외부 후원금을 지원받는 경우에는 접수대상에서 제외
			⑤ 각 분야별 접수기준에 해당하는 아동


참고
수상경력: 최근 2년 이내(2016년 9월 이후) 내역



 
 
2) 접수서류 (※ 서류는 hwp파일, jpg파일 형태로 제출)



구분
접수서류
비고(작성자 및 준비자)


필수
JDC 꿈꾸는 장학생 신청서 1부(아동 증명사진 포함)
사회복지기관 담당자, 학교 담임,
			보호자 등


자기소개서 1부
아동 본인이 작성


추천서 1부
학교장,사회복지,관련기관(시설)장, 시/군/구청장, 동/면사무소 장, 해당분야 전문가


서비스 계획서 1부
보호자, 해당분야 전문가(코치 등)


주민등록등본 1부
아동 및 보호자


개인정보 수집 및 이용 동의서 1부
아동 또는 보호자


선택
			(해당 사항
			있는 경우)
수급자
수급자 증명서 1부
아동 및 보호자


차상위 계층
차상위 확인 가능 서류 1부
			(차상위 본인부담경감대상자 증명서, 한부모가족 증명서 등)
아동 및 보호자


일반 저소득가정
소득 관련 증빙서류 1부
			(근로소득원천징수영수증, 소득금액증명서, 급여내역서,
			건강보험료 납부확인서 등)
아동 및 보호자


* 재능 관련 증빙서류: 관련 자격증, 입상증명서, 상장, 성적표, 학교생활기록부 등 인재양성사업 신청서 증빙자료 목록에 기재된 사항 첨부
아동 및 보호자


* 모든 문서의 주민등록번호 뒷자리를 제외(뒷자리가 나오지 않게 발급 또는 보이지 않도록 처리)하고 제출함.



 
■ 선발인원: 20명(예정)
■ 접수방법: 이메일 childjeju@childfund.or.kr
우 편 제주시 도남로 121. 3층 제주지역본부
■ 접수마감: 2018년 11월 30일 18시 도착분에 한함.
■ 선발전형 및 진행일정



서류접수
 
1차심사
			(서류심사)
 
2차심사
			(면접심사)
 
최종발표


2018.11.14.(수)
			~11.30.(금)
 
2018.12.03.(월)
			~12.10.(월)
 
2018.12.12.(수)
			~12.14.(금) 예정
 
2018.12월중



(1안) 
※ 1차심사(서류심사) 합격자 및 2차심사(면접) 일정 개별연락 예정
※ JDC 꿈꾸는 장학생 발대식: 2018년 12월중 진행예정
※ 면접세부일정은 변경될 수 있음을 안내드립니다.
 
■ 지원신청자 유의사항

 
■ 접수 및 문의: 초록우산 어린이재단 제주지역본부(064-753-3703)
 
 
 
 
		"
78,"
				신화역사공원 J지구 공원조성사업 교통영향평가 용역 입찰정보 사전공개 의견에 관한 답변
			","


"
79,"
				JDC 한라산 안전가이드 드론 시범사업 위탁 운영기관 모집 공고
			","


			                                                          JDC 한라산 안전가이드 드론 시범사업 위탁 운영기관 모집 공고
 
제주국제자유도시개발센터는 한라산을 이용하는 등산객의 안전확보 및 불법행위를 예방하기 위하여 드론 활용을 통한 등산로 실시간 감시, 화재나 조난 등
긴급상황 발생 시 신속한 구조 및 산악사고 대응체계 마련하고자 JDC 한라산 안전가이드 드론 시범사업의 위탁 운영기관 모집을 다음과 같이 공고합니다.

                                                                                                                                                                                                                            2018년 11월 14일
                                                                                                                                                                                                  제주국제자유도시개발센터 이사장
 
 
1. 사업개요
 ㅇ (사 업 명) JDC 한라산 안전가이드 드론 시범사업
 ㅇ (사업내용) 신기술 무인항공기 드론을 활용하여 기상·환경 측정과 등산로 자동 감시시스템 구축 및 한라산 관광객 안전가이드 마련
    ※ 세부내용은 ‘제안요청서’ 참조
 
 ㅇ (사업기간) 업무협약일로부터 6개월간
   ※ 1차 년도 : 관련기술 접목 및 시범서비스
       2차 년도 : 서비스 고도화 및 상용서비스 시스템 구축
 
 ㅇ (사업예산) 금80,000,000원(금팔천만원)
 
 ㅇ (운영방식) 드론분야 전문 인력 보유 및 경험을 갖춘 기관 공모 및 선정
 
2. 신청자격
 ㅇ 무인항공기(드론) 분야 전문 인력 보유 및 경험 갖춘 전문 기관*
   * 「항공사업법」 제48조 및 같은 법 시행령 제23조의 규정에 의한 초경량 비행장치 사용사업으로 등록한 업체

3. 신청서 제출
 ㅇ 접수기간 : 2018년 11월 14일(수) ~ 11월 23일(금) 18:00 마감
 ㅇ 접 수 처 : 제주특별자치도 제주시 첨단로 213-4 제주첨단과학기술단지 엘리트빌딩 307호 홍보협력실(영평동 2170-2)
 ㅇ 접수방법 : 방문 및 우편접수
 ㅇ 제출서류 : 제안요청서 참조
 
4. 위탁기관 선정
 ㅇ 선정방법 : 서류 및 면접심사(사업계획 제안 설명 및 질의응답)
 ㅇ 심사일정 및 장소 : 개별 통보
 ㅇ 결과발표 : 선정기관 개별 통보
 
5. 기타 유의사항
 ㅇ 공개모집과 관련하여 제출된 서류는 일체 반환하지 않음
 ㅇ 공개모집에 응모하고자 하는 신청자는 JDC 홈페이지(www.jdcenter.com) 모집공고, 제안요청서 등 관련내용을 완전히 숙지하고 공개모집에 임하여야 하며,
     이를 숙지하지 못하여 발생한 사항에 대한 책임은 신청자에게 있음
 ㅇ 제출된 서류의 내용이 사실과 다를 경우 위탁기관 선정을 무효로 할 수 있으며, 향후 공모참가 제한 등 제약을 받을 수 있음
 ㅇ 문의안내
   - 담당자 : 제주국제자유도시개발센터 홍보협력실 홍단비 과장
   - 연락처 : ☎ 064)797-5764 이메일 : sweetrain@jdcenter.com
 
		"
80,"
				2018년도 JDC 마을공동체사업 대상마을 공모 테스트
			","


			삭제여부 확인 중
		"
81,"
				2018년도 JDC 마을공동체사업 대상마을 공모
			","


 자세한 공고 내용은 붙임을 확인하여 주시기 바랍니다
		"
82,"
				기업멘토 프로모션 <멘토포차> 개최 알림
			","

취업 준비하는데 궁금했던 점을 실무자에게 물을 기회가 없다면,
취업 준비하는데 스*업에서도 찾기 어려운 정보가 있다면,

찾아가는 기업멘토 프로모션 <멘토포차>에 놀러오세요!

ㅇ일시 : 2018년 11월 14일 ~ 15일 / AM 11:00 ~ PM 15:00 (4시간)
ㅇ장소 : 제주대학교 체육관 앞 주차장(소)
ㅇ내용 : JDC 글로벌 해외 인턴십, 공기업 취업 팁, 홍보마케팅, 예술, 스타트업 분야 전문가 멘토와의 편한 야외 대담
 

 
"
83,"
				2018 JDC 복지시설 특장차량 지원 사업 공모
			","


			2018 JDC 복지시설 특장차량 지원 사업 공모

제주국제자유도시개발센터는 교통약자의 이동권익 향상과 함께 도내 사회복지시설의 안전한 복지 서비스 제공을 위한 이동환경 조성에 이바지하고자 「JDC 복지시설 특장차량 지원 사업 공모」를 진행하오니 많은 관심과 참여 바랍니다.

1. 지원내용
⚬특장차량(중형승합차) 구입비 지원 (총 5대/시설 당 1대)
- 조달청 나라장터를 통한 직접 구매방식(※세부사항은 추후 안내 예정)

2. 지원대상
⚬ 사회복지사업법 제2조에 따른 사회복지시설
⚬ 2016년 1월 1일 이전 설립(허가) 완료된 시설
⚬ 취약계층 대상자에게 직접 복지서비스를 제공하는 기관 우선 지원
 
3. 지원 제외대상
⚬ 수익을 주된 목적으로 하는 기관
⚬ 정치 및 종교적 목적에 이용될 수 있는 경우
⚬ JDC 동일 사업으로 이미 차량 지원을 받은 기관
⚬ 최근 3년 이내 타 기업 및 기관으로부터 차량 지원을 받은 기관
 
4. 공고 및 서류 접수기간
⚬ 2018. 10. 24. (수) ∼ 2018. 11. 16. (금) 18:00 까지
 
5. 제출서류
⚬ 신청서류 : 공모신청서, 운영계획서, 개인정보 수집·이용 동의서(붙임양식 참조)
⚬ 증명서류 : 사회복지시설 신고증, 사업자등록증 또는 고유번호증 사본 각 1부
⚬ 기타서류 : 시설 보유차량 등록증 사본 및 차량 비품대장 사본 각 1부

6. 서류접수
⚬ 접수방법 : 등기우편 발송(방문접수 불가)
⚬ 접 수 처 : 제주특별자치도 제주시 첨단로 213-4 엘리트빌딩 3층
제주국제자유도시개발센터 홍보협력실
⚬ 문 의 처 : 제주국제자유도시개발센터 홍보협력실 (064-797-5587)
⚬ 참고사항
- 접수기간 이후 서류도착 및 제출서류 미비 시 심사대상에서 제외
- 제출된 서류 반환 불가

7. 심사 및 결과발표
⚬ 심사방법 : 서류심사 및 심사위원회(내·외부 전문가) 심사를 거쳐 선정
⚬ 결과발표 : 2018. 11월 중 홈페이지 공고 및 개별 연락
 
8. 유의사항
⚬ 차량 등록비용, 탁송료, 세금 및 보험료 등은 지원기관 자부담
⚬ 신청내용은 사실에 근거하여야 하며, 관련서류 미제출·허위기재 및
신청내용이 사실과 다를 경우 지원 취소 및 차량 반환
⚬ 복지시설 법인명 이외 개인 및 대표자 명의로 등록 불가
- 특장차량 구입 후 차량등록증 제출 요청 예정
⚬ 지원차량을 제3자에게 권리설정, 양도, 전매, 대여, 담보, 교환 불가
⚬ 차량 내·외관에 대한 불법적 용도 및 디자인 변경 불가
- 제작된 디자인 이외 기관명, CI, 전화번호 등 추가 부착 불가
⚬ 사업 외 목적, 위법행위, 정치·종교적 목적, 영리목적으로 사용 불가
  
2018년 10월 24일
제주국제자유도시개발센터 이사장
 
 
		"
84,"
				사회적가치 실현을 위한 혁신 아이디어 공모전 공고
			","

JDC 사회적가치 실현을 위한 혁신 아이디어 공모전  공고

 
제주국제자유도시개발센터(JDC)는 공공기관으로서 사회적가치 창출 및 실현에 앞장서고자
국민 여러분의 다양하고 참신한 아이디어 발굴을 위해  아래와 같이 공모전을 개최하오니  많은 관심과 적극적인 참여 바랍니다.

 
□ 공모대상 : 대한민국 누구나

□ 공모기간 : 2018.10.22 ~ 11.11

□ 공모부문
  ○ JDC형 사회적가치 실현 아이디어(총 5개 분야, 택1)
   - ①일자리 창출 ②동반성장 ③지역상생 ④국민참여 ⑤기타
     ※ JDC 추진사업 연계 등 기관의 역할과 특성을 고려하고 사회적 가치를 반영한 혁신 아이디어 발굴

□ 시상 내역
  ○ 최우수상(1) : 1,000,000원 / 우수상(2) : 500,000원 / 장려상(2) : 300,000원
     * 심사 결과 우수제안이 없을 경우 시상하지 않을 수 있으며 포상에 대한 제세공과금은 수상자 본인이 부담

□ 신청방법 : 이메일(idea.jdc@gmail.com) 접수
  ○ 홈페이지에서 붙임2 양식을 다운로드하여 작성 후 이메일로 송부
 
□ 문의처 : 064-797-5774/5540
 

이 외 자세한 사항은 붙임1을 참고하여 주시기 바랍니다.
"
85,"
				2018 JDC 제주신화페스티벌 개최 알림(10.26.(목) ~ 10.28.(일))
			","

'오늘은 어떤 신이랑 놀지?'
JDC 제주신화페스티벌 개최
























 









□ 행사개요
 ㅇ 행  사  명 : 2018 JDC 제주신화페스티벌
 ㅇ 행사목적 : 소중한 문화유산인 제주신화를 알리고, 신화에 담긴 제주의 독특한 문화와 예술을 제주도민과 관광객에게 공유하는 것을 목적으로 함
 ㅇ 행사일정 : 2018. 10. 26.(금) ~ 28.(일)   * 제주신화아트페어 : 10. 25.(목)부터 사전 전시 진행
 ㅇ 행사장소 : 신화역사공원 및 서귀포시 일원
 ㅇ 주       최 : 제주국제자유도시개발센터(JDC)
 ㅇ 후       원 : 제주신화월드
 ㅇ 요       금 : 무료 (일부 체험 프로그램 및 플리마켓 제외)

□ 주요 공연·전시 프로그램

□ 행사 주요 체험 프로그램
 ㅇ 신(神), 메이크오버 쇼 신화 RUN & LEARN, 신(神)나장 만나장!(도민참여 플리마켓) 외 다양한 관객 체험행사 운영

 ♦ 제주신화 콘텐츠를 활용하여 활동하는 예술인, 신화에 관심이 있는 도민, 관광객 등 누구나 참여 가능하며 자세한 사항은 JDC제주신화페스티벌 홈페이지 (http://jejumyth.co.kr)에서 확인해 주시기 바랍니다.


1만 8천여 신들이 살아 숨 쉬는 제주에서 깊어가는 가을 정취와 함께 제주신화페스티벌에 참석하시어 뜻깊은 추억을 만들어 가시기 바랍니다.

* 문의 : JDC 관광산업처 (064-797-5729)
             페스티벌 운영사무국 (064-725-0925)
 
		"
86,"
				「JDC 곶자왈 보전 및 환경분야 지원사업」 재공고(~10/18)
			","

「JDC 곶자왈 보전 및 환경분야 지원사업」 공고
제주국제자유도시개발센터(JDC)는 독특하고 아름다운 제주의 환경을 보호하고
나아가 제주환경가치에 대한 이해를 넓히고 발전시키는
각종 환경보전 지원사업을 장려함으로 제주의 생태․자연환경을 보전하는데 기여하고자
『JDC 곶자왈 보전 및 환경분야 지원』사업의 단체 모집을 다음과 같이 공고합니다.


1. 사업개요
□ 사 업 명 :『JDC 곶자왈 보전 및 환경분야 지원사업』
□ 사업내용 : 제주 곶자왈 및 각종 환경분야 단체 지원(공고문 참조)
□ 사업기간 : 약정체결일로부터 각 사업별 약정기간까지(최대 2년)
□ 사업예산 : 금450,000,000원(금사억오천만원)

2. 신청자격 : 각 분야별 지원자격을 모두 충족하는 자
 □ (곶자왈 보전 분야)
  1)「제주특별자치도 곶자왈 보전 및 관리 조례」제17조의 사업을 추진하는 단체
  2)「민법」및「비영리민간단체 지원법」에 따라 제주특별자치도에 설립·등록된 비영리법인 및 비영리민간단체
 □ (환경/경관 복원 분야)
  1) 최근 3년 이내 관련 분야의 사업을 수행한 실적이 있는 단체
  2)「민법」및「비영리민간단체 지원법」에 따라 제주특별자치도에 설립·등록된 비영리법인 및 비영리민간단체
 □ (환경정책 교육 분야)
  1) 최근 3년 이내 관련 분야의 사업을 수행한 실적이 있는 단체
  2)「민법」및「비영리민간단체 지원법」에 따라 제주특별자치도에 설립·등록된 비영리법인 및 비영리민간단체

3. 신청서 제출
□ 접수기간 : 2018년 10월 12일(금) ~ 10월 18일(목) 17:00 마감
□ 접수방법 : 우편 및 방문접수
□ 접 수 처 : 제주특별자치도 제주시 첨단로 213-4 제주첨단과학기술단지 엘리트빌딩 305호 미래투자처
□ 제출서류 : 공고문 참조

4. 지원단체 선정
□ 선정방법 : 서류 및 면접심사 (사업계획 제안설명 및 질의응답)
□ 심사일정 및 장소 : 개별 통보
□ 결과발표 : 선정기관 개별 통보

5. 기타 유의사항
□ 공개모집과 관련하여 제출된 서류는 일체 반환하지 않음
□ 공개모집에 응모하고자 하는 신청자는 JDC 홈페이지(www.jdcenter.com) 모집공고, 제안요청서 등 관련내용을 완전히 숙지하고 공개모집에 임하여야 하며,
    이를 숙지하지 못하여 발생한 사항에 대한 책임은 신청자에게 있음
□ 제출된 서류는 내용이 사실과 다를 경우 지원단체 선정을 무효로 할 수 있으며, 향후 공모참가 제한 등 제약을 받을 수 있음
□문의안내
  담당자 : 제주국제자유도시개발센터 미래투자처 윤승현 대리
  - 연락처 : ☏ 064-797-5563 / 이메일 : youn@jdcenter.com

 
		"
87,"
				2018 JDC 사회공헌사업 아이디어 공모전 공고
			","


			2018 JDC 사회공헌사업 아이디어 공모전 공고
 
제주국제자유도시개발센터는 국민이 기관에 원하는 사회기여 방안을 발굴하고 기관 사회공헌 사업에 실질적으로 반영하고자 ‘JDC 사회공헌사업 아이디어 공모전’을 개최하고자 합니다. 관심 있는 국민 여러분의 많은 참여 부탁드립니다.
 
2018년 10월 1일
제주국제자유도시개발센터 이사장
 
1. 공모개요
ㅇ 공 모 명 : 사회적 가치 실현을 위한 「JDC 사회공헌사업 아이디어 공모」
ㅇ 공모주제 : JDC 사회공헌 사업의 일환으로 제주의 사회 문제를 발굴해서 해결하고, 사회적 가치를 실현할 수 있는 방안
ㅇ 참여대상 :
ㅇ 공모분야 : JDC 사회공헌 사업 5대 분야



분야
내용
사회적가치 범주


인재양성
도내 인재양성 및 도민 글로벌 경쟁력 강화를 위한 사회공헌
‧ 일자리창출
			‧ 사회적책임 이행


지역상생
지역경제 활성화 및 일자리 창출 지원 사회공헌
‧ 지역경제 공헌
			‧ 상생협력


복지나눔
사회적 보호가 필요한 계층 복지 사각지대 지원, 나눔 문화 확대를 위한 사회공헌
‧ 취약계층 지원
			‧ 균등한 기회제공
			‧ 사회통합


환경보전
제주의 아름다운 환경 보호 활동 전개, 환경문제 인식 개선 사회공헌
‧ 환경보전
			‧ 재난안전


문화진흥
제주의 전통문화 보존 및 도민 문화향유 기회 확대를 위한 사회공헌
‧ 공동체복원



ㅇ 참가자격 : 사회공헌에 관심 있는 대한민국 국민 누구나
ㅇ 접수기간 : 공고일 ~ 2018.11.13.(화) 18:00까지
ㅇ 접수방법
- JDC 홈페이지(www.jdcenter.com) 공지사항 게시판에서 공모전 신청서 다운로드, 작성 후 e-mail 또는 우편 제출
- 개인정보 수집‧이용 및 제공동의서 제출시 서명란에 서명 필수
- 이메일 제출시 파일명은“출품자명_작품명.hwp”표기
ㅇ 접수처
- 메일주소 : csr@jdcenter.com
- 우편주소 : 제주특별자치도 제주시 첨단로 213-4 제주첨단과학기술단지 엘리트빌딩 3층 홍보협력실
ㅇ 시상계획(제세공과금 포함)



구분
선정작
시상내역


대상
1팀
상금 200만원 및 상장


최우수
2팀
상금 100만원 및 상장


우수
3팀
상금 50만원 및 상장


참가상
20팀
기프트콘(2만원상당)



※ 시상내역은 접수규모 및 내용에 따라 변경 가능
ㅇ 심사 및 수상작 발표
- 심사위원회(내ㆍ외부 전문가 구성)를 통해 수상작 결정
* 주제적합성(20), 계획 타당성(20), 효과성 및 실현 가능성(25), 독창성(20), 공유가치창출(5), 지속가능성(10)
- 수상작 발표 :‘18년 11월 중 제주국제자유도시개발센터 홈페이지(http://www.jdcenter.com) 공고 및 개별 통보
 
□ 기타 사항
 
ㅇ 기타 및 문의사항은 아래 연락처로 문의하시기 바람
- 문의처 : 제주국제자유도시개발센터 홍보협력실 (☎064-797-5641)
 
		"
88,"
				JDC 제주 신화 창작 동요제 본선 진출자 발표
			","


			제주 신화 창작 동요제 본선 진출자를 붙임과 같이 발표합니다.

아울러 참가해주신 모든 여러분께 감사드립니다.

 
		"
89,"
				""JDC 드론아카데미"" 개최 알림 (2018 K-Drone Week)
			","


			JDC 미래투자처에서 2018 K-Drone week를 맞아 'JDC 드론아카데미' 를 개최합니다.
여러분의 많은 관심과 참여 바랍니다.

-관련문의 : 신유진 주임(797-5769), 고경훈 과장(797-5543)
-일시 : 2018.10.01~20(3주간)
-장소 : 제주도 일원


1. 드론 비행 기초 아카데미
 -일시 : 2018.10.5~7(서귀포 칠십리축제 행사장), 2018.10.11~14(탐라문화제 행사장)
 -시간 : 10:00~18:00
 -참가접수 및 문의 : 070.8808.0064 / 010.3507.9119
※ 태풍으로 인해 드론 비행 기초 아카데미 1차(서귀포 칠십리축제행사장)가 10.19~21로 연기되었습니다.
    이용객들은 참고부탁드립니다.

2. 드론 영상 촬영 및 편집 아카데미
 -일시 : 2018.10.13(토)
 -장소 : 제주항공우주박물관
 -시간 : 10:00~18:00
 -참가접수 및 문의 : 010.3874.4145
*선착순 50명

3. 무인항공방제 실무 아카데미
 -일시 : (1차)2018.10.4~5, (2차)2018.10.11~12
 -장소 : 서귀포시 성산읍 수산체육공원
 -시간 : 09:00~18:00
 -참가접수 및 문의 : 064.721.9191 / 010.3691.2808
*회당 선착순 20~25명

4. 드론 스포츠 아카데미
 -일시 : 2018.10.20(토)
 -장소 : 제주월드컵경기장
 -시간 : 10:00~18:00
 -참가접수 및 문의 : 02.2039.0770 / 010.7117.7994 
 
		"
90,"
				JDC 사회적경제 소셜벤처 혁신성장 지원사업 위탁 운영기관 모집 공고
			","


			                                                                      JDC 사회적경제 소셜벤처 혁신성장 지원사업 위탁기관 모집 공고
 
제주국제자유도시개발센터는 제주도 내 사회적경제 소셜벤처 발굴하고 혁신조직 성장 지원을 통한 지역 생태계 활성화 및 사회적 가치 실현을 위하여
JDC 사회적경제 소셜벤처 혁신성장 지원사업을 위탁하고자 다음과 같이 공고합니다.
                                                                                                                                                                                                                  2018년 9월 19일
                                                                                                                                                                                      제주국제자유도시개발센터 이사장
 
1. 사업개요
 ㅇ (사 업 명) JDC 사회적경제 소셜벤처 혁신성장 지원사업
 ㅇ (사업내용)
  - 소셜벤처의 혁신성장 촉진을 위해 교육, 금융(투자), 기술개발, 컨설팅, 판로개척 등 분야별, 단계별 맞춤형 지원을 통해 창업 성공률 제고
  - 개별 소셜벤처 솔루션 지원과 함께 제주의 특징과 제주의 자원 연계로 부가가치 창출 가능한 집합적 임팩트 프로젝트 공동 수행 지원
  - 첨단과학기술단지 세미양 빌딩 내(A동 1층 약 170평)에 혁신기업 사무공간, 소셜벤처 창업공간, 기업간 네트워킹, 공유형 코워킹스페이스,
    원스톱 경영 애로 해소지원 등을 통해 소셜벤처 창업ㆍ성장 중심지로 육성
     ※ 세부내용은 ‘제안요청서’ 참조
 ㅇ (사업기간) 협약일로부터 2019년 12월 31일
 ㅇ (지원대상) 제주지역 사회 문제해결이 사업목적인 소셜벤처(예비 창업자 포함)
  - 일자리 및 사회서비스 창출을 수반하는 제주의 장점과 특색을 살린 문화, 예술, 환경, 도시재생 등 제주형 사업 및 JDC 특징에 부합하는 사업
 ㅇ (사업금액) 700백만원
 
2. 신청자격
 ㅇ 사회적경제 소셜벤처 혁신성장 지원사업 운영을 위한 사업계획 수립 및 이를 수행하기 위한 전문지식과 인적ㆍ물적 인프라를 갖춘 법인
 
3. 신청서 제출
 ㅇ 접수기간 : 2018년 9월 19일(수) ~ 10월 1일(월) 18:00 마감
 ㅇ 접수방법 : 우편 및 방문접수
 ㅇ 접 수 처 : 제주특별자치도 제주시 첨단로 213-4 제주첨단과학기술단지 엘리트빌딩 3층 홍보협력실
 ㅇ 제출서류 : 제안요청서 참조
 
4. 위탁기관 선정
 ㅇ 선정방법 : 서류 및 면접심사(사업계획 제안 설명 및 질의응답)
 ㅇ 심사일정 및 장소 : 개별 통보
 ㅇ 결과발표 : 선정기관 개별 통보
 
5. 기타 유의사항
 ㅇ 공개모집과 관련하여 제출된 서류는 일체 반환하지 않음
 ㅇ 공개모집에 응모하고자 하는 신청자는 JDC 홈페이지(www.jdcenter.com) 모집공고, 제안요청서 등 관련내용을 완전히 숙지하고 공개모집에 임하여야 하며,
     이를 숙지하지 못하여 발생한 사항에 대한 책임은 신청자에게 있음
 ㅇ 제출된 서류의 내용이 사실과 다를 경우 위탁기관 선정을 무효로 할 수 있으며, 향후 공모참가 제한 등 제약을 받을 수 있음
 ㅇ 문의안내
  - 담당자 : 제주국제자유도시개발센터 홍보협력실 홍단비 과장
  - 연락처 : ☎ 064)797-5764 이메일 : sweetrain@jdcenter.com
 
		"
91,"
				「JDC 곶자왈 보전 및 환경분야 지원사업」 공고(~10/10)
			","

「JDC 곶자왈 보전 및 환경분야 지원사업」 공고
제주국제자유도시개발센터(JDC)는 독특하고 아름다운 제주의 환경을 보호하고
나아가 제주환경가치에 대한 이해를 넓히고 발전시키는
각종 환경보전 지원사업을 장려함으로 제주의 생태․자연환경을 보전하는데 기여하고자
『JDC 곶자왈 보전 및 환경분야 지원』사업의 단체 모집을 다음과 같이 공고합니다.


1. 사업개요
□ 사 업 명 :『JDC 곶자왈 보전 및 환경분야 지원사업』
□ 사업내용 : 제주 곶자왈 및 각종 환경분야 단체 지원(공고문 참조)
□ 사업기간 : 약정체결일로부터 각 사업별 약정기간까지(최대 2년)
□ 사업예산 : 금450,000,000원(금사억오천만원)

2. 신청자격 : 각 분야별 지원자격을 모두 충족하는 자
 □ (곶자왈 보전 분야)
  1)「제주특별자치도 곶자왈 보전 및 관리 조례」제17조의 사업을 추진하는 단체
  2)「비영리민간단체 지원법」에 따라 제주특별자치도에 설립·등록된 비영리법인 및 비영리민간단체
 □ (환경/경관 복원 분야)
  1) 최근 3년 이내 관련 분야의 사업을 수행한 실적이 있는 단체
  2)「비영리민간단체 지원법」에 따라 제주특별자치도에 설립·등록된 비영리법인 및 비영리민간단체
 □ (환경정책 교육 분야)
  1) 최근 3년 이내 관련 분야의 사업을 수행한 실적이 있는 단체
  2)「비영리민간단체 지원법」에 따라 제주특별자치도에 설립·등록된 비영리법인 및 비영리민간단체

3. 신청서 제출
□ 접수기간 : 2018년 9월 12일(수) ~ 10월 10일(수) 15:00 마감
□ 접수방법 : 우편 및 방문접수
□ 접 수 처 : 제주특별자치도 제주시 첨단로 213-4 제주첨단과학기술단지 엘리트빌딩 305호 미래투자처
□ 제출서류 : 공고문 참조

4. 지원단체 선정
□ 선정방법 : 서류 및 면접심사 (사업계획 제안설명 및 질의응답)
□ 심사일정 및 장소 : 개별 통보
□ 결과발표 : 선정기관 개별 통보

5. 기타 유의사항
□ 공개모집과 관련하여 제출된 서류는 일체 반환하지 않음
□ 공개모집에 응모하고자 하는 신청자는 JDC 홈페이지(www.jdcenter.com) 모집공고, 제안요청서 등 관련내용을 완전히 숙지하고 공개모집에 임하여야 하며,
    이를 숙지하지 못하여 발생한 사항에 대한 책임은 신청자에게 있음
□ 제출된 서류는 내용이 사실과 다를 경우 지원단체 선정을 무효로 할 수 있으며, 향후 공모참가 제한 등 제약을 받을 수 있음
□문의안내
  담당자 : 제주국제자유도시개발센터 미래투자처 윤승현 대리
  - 연락처 : ☏ 064-797-5563 / 이메일 : youn@jdcenter.com

 
		"
92,"
				JDC 글로벌 챌린저 2기생 모집 공고
			","


			                                                    <JDC 글로벌 인재 맞춤형 일자리 지원사업>

                                                             JDC 글로벌 챌린저 2기 모집 공고
 
제주국제자유도시개발센터(JDC)에서는 2018년 JDC 글로벌 인재 맞춤형 일자리 지원사업에 참여할 글로벌 챌린저 2기생을 붙임과 같이 공고하오니 많은 관심과 신청바랍니다.

 - 모집대상 : 제주도내 소재 고등학교 졸업 또는 대학교 졸업자(졸업예정자)
                    부모 또는 본인이 제주출신으로 2018년 01월 01일 이전까지 제주특별자치도에 주민등록상 주소자로 3년이상 거주한 자
                      ※ 졸업예정자 기준 : 2019년 2월 졸업가능자
                     2018년 01월 01일 이전부터 신청일까지 제주특별자치도에 주민등록상 주소지인 거주자
 - 지원자격 : 만34세 이하 미취업자로 취업 및 비자발급에 결격 사유가 없는 자
                    ※ 남자는 군필 또는 면제자에 한함    ※저소득 취약계층(우선선발)
 - 지원내역 : 항공권(편도), 비자, 보험, 해외체재 지원금(60만원), 어학 및 직무교육
                    ※  미국 취업 희망자는 일부 비자비용 발생
 - 취업국가 : 미국, 싱가포르, 베트남, 일본 등 기타 국가
 - 취업분야 : 일반사무(경영, 인사, 총무, 재무), IT, 생산관리, 무역, 물류, 서비스(호텔관광, 면세점, 지상직 등)
 - 지원절차 : 서류전형 → 1차 면접(서울/제주/부산) → 2차 면접(제주) → 연수교육(제주/서울) → 출국
                    ※ 서류마감 : 2018.10.05까지 / 1차 면접(2018.10.01.~10.05.) / 2차 면접(2018.10.12.)
 - 지원방법 : 웹사이트 지원(www.globaljdc.com)   접속 후 신청버튼 클릭
 - 선발인원 : 총 60명 선발(국가 선택가능)
 - 집체교육일정 : 2018.10.29. ~ 11.02.(4박 5일)                 장소 : 제주부영청소년수련원
 - 어학 및 직무교육 : 2018.11.12. ~ 2019.01.04.(8주간)       장소 : 제주/서울

    ※ 기타 문의 : (GHR) JDC 해외취업 사업부 02-6263-2283, shh@ghr.or.kr
 
                                                                                                                          2018년 9월 4일
 
                     주최 제주국제자유도시개발센터                                           주관 ㈜지에이치알
 
		"
93,"
				개방형 직위 공위 공고
			","

국민인재(개방형 직위)를 초빙합니다!
 
역량있는 인재가 만드는 경쟁력 있는 공직「개방형직위」
대한민국의 밝은 미래를 열어갈 국민 인재를 모십니다.
 
인사혁신처(중앙선발시험위원회)는 교육부, 국무조정실, 국토교통부, 기획재정부, 방송통신위원회, 법무부, 산업통상자원부, 식품의약품안전처, 외교부 등 9개 부처에서 개방형 직위로 지정한 14개 직위에 대해 다음과 같이 공개모집하오니, 역량 있는 분들의 많은 응모를 바랍니다.
 
2018. 9. 3.
인 사 혁 신 처 장

1. 임용예정 직위



부 처
직 위
직 급


교육부
순천대학교 산학연구지원과장
서기관(임기제 포함)


국무조정실
행정정책과장＊재공고
부이사관(임기제 포함)


국토교통부
신교통개발과장
서기관 또는 기술서기관
			(임기제 포함)


기획재정부
기업환경과장
서기관(임기제 포함)


방송통신위원회
국제협력담당관
서기관 또는 기술서기관(임기제 포함)


법무부
감찰관＊재공고
고위공무원 나등급(임기제 포함)


치료감호소장(경력)
임기제 고위공무원 나등급


치료감호소 사회정신과장(경력)
임기제 기술서기관


산업통상자원부
신통상질서정책관＊재공고
고위공무원 나등급(임기제 포함)


국가기술표준원
			기술규제대응국장(경력)
임기제 고위공무원 나등급






부 처
직 위
직 급


식품의약품안전처
대변인(경력)
임기제 부이사관


외교부
주이집트대사관 공사참사관
고위외무공무원 나등급(임기제 포함)


주프랑스대사관 공사참사관
			겸 문화원장(경력)
임기제 고위공무원 나등급


감사관
고위외무공무원 나등급(임기제 포함)



* (경력)경력개방형 : 민간인만 지원할 수 있는 직위 (공무원 지원 불가)
*(책임)책임운영기관 : ｢책임운영기관의 설치ㆍ운영에 관한 법률｣에 의해 기관장에게 행정 및 재정상의 자율성을 부여하고 그 운영 성과에 대하여 책임을 지도록 하는 행정기관
 
2. 임용기간 : 3년〔현직 공무원 임용시 2년〕
◦근무실적이 우수한 경우 총 5년 범위 내에서 임용기간 연장 가능
◦근무실적이 탁월한 경우 5년을 초과하여 일정기간 단위로 임용 기간 연장이 가능하며, 일반직 공무원으로 채용 가능(감사관 등 일부직위 제외)
☞ 정확한 근무조건은 나라일터( http://www.gojobs.go.kr ) > 개방형직위 > 선발공고 메뉴 직위별 공고문 참조)

3. 지원자격 : 공고문(붙임)의 응시자격 요건을 갖춘 민간인 또는 공무원

4. 응시원서 접수
◦ 접수기간 : 2018. 9. 3.(월) ~ 2018. 9. 18.(화) 18:00까지
＊직위별 접수기간 및 접수방법 등 세부내용은 공고문 참조
◦ 접수방법
-나라일터( http://www.gojobs.go.kr )>개방형직위>선발공고 메뉴를 통해 온라인 접수 원칙
-다만, 온라인 원서접수가 곤란한 경우 방문, 이메일 또는 우편접수(등기우편) 가능 ※이메일 : mpmocs@korea.kr
※증빙서류를 제출하지 않은 경력은 관련분야 경력에 포함되지 않음
※접수마감은 2018.9.18(화) 18:00까지 도착분에 한하며, 접수처는 인사혁신처 개방교류과임(우편번호 30102, 세종특별자치시 한누리대로 499 세종포스트빌딩 8층)
 
5. 시험일정
◦ 서류전형 : 2018. 9월 ∼10월 중 예정
◦ 면접시험 일정 및 장소 : 2018. 9월∼10월 중 / 경기 과천 인재개발원
* 서류전형 합격자 공고문에 면접시험 일정 및 장소 공지
◦ 합격자 발표 : 나라일터(www.gojobs.go.kr)>개방형직위>합격자발표에 게시(합격자에 한해 개별통지)

6. 문 의 처 : 인사혁신처 개방교류과
◦ 인사혁신처 개방교류과 : (044)201-8358~60
※ 선발제도 문의 : (044)201-8358, 접수관련 문의 : (044)201-8359, 8360
※ 상세한 사항은 붙임 공고문을 참고하시기 바랍니다.

☞ 지원사이트 나라일터(http://www.gojobs.go.kr)로 바로가기

 
"
94,"
				2018년도 지역특화(주력)산업육성사업(R&D) 3차 지원계획 공고문 및 사업설명회 일정 공지
			","


2018년도 지역특화(주력)산업육성사업(R&D) 3차 지원계획 공고문과 사업설명회 일정을 아래와 같이 공지하여드리니 참고하여주시기 바랍니다.

-  아   래  -
  사업설명회
    - 일 시 : 2018.09.04(화) 14:00 ~ 16:00
    - 장 소 : 제주첨단과학기술단지 JDC 스마트빌딩 4층 회의실

붙임 : 2018년도 지역특화(주력)산업육성사업(R&D) 3차 지원계획 공고문 1부.
		"
95,"
				2018 제주 특성화고 청년인재 해외연수 및 일자리 지원사업 최종 선발 결과발표!!!
			","

2018 제주 특성화고 청년인재 해외연수 및 일자리 지원사업 최종 선발 결과를 발표합니다.
붙임파일을 확인해주시기 바랍니다.

* 추후 일정 별도 공지 예정
** 합불여부에 대한 이의제기 일절 불가
*** 출국 전까지(10.12) 아르바이트 등 고용관계 정리 요망
		"
96,"
				산업 특화형 기업 인큐베이팅 센터 위탁 운영기관 모집 공고
			","


			산업 특화형 기업 인큐베이팅 센터 위탁 운영기관 모집 공고
 
제주국제자유도시개발센터(JDC)는 「국토교통부 일자리로드맵(‵18.05)」 에 따른 대규모 일자리 창출거점 모델인 ‘지역혁신성장센터’ 조성을 통해 청년실업률 개선 및 일자리 창출을 도모하기 위하여 산업 특화형 기업 인큐베이팅 센터 위탁 운영기관 모집을 다음과 같이 공고합니다.

1. 사업개요
 
ㅇ (사 업 명)
- 자율‧전기자동차 산업 기업 인큐베이팅 센터 위탁 사업
- ICT 기반 문화‧예술 산업 기업 인큐베이팅 센터 위탁 사업

ㅇ (사업내용)
- 기업육성 교육 프로그램 운영, 산업 특화 연구소 운영, 인큐베이팅 대상 기업 유치, 심사 및 사후관리, 위탁기관 보유 전문분야 IP 활용 기업육성 시행 등

ㅇ (시설개요)
- 위 치 : 제주특별자치도 제주시 첨단로 330, 세미양빌딩
※ 수탁사업자 공모‧선정 이후 사업 착수일 이전 준비기간의 업무공간은 스마트 빌딩 내 유휴공간을 제공 할 수 있음

ㅇ (사업기간)
2018년 12월 1일 ~ 2021년 12월 31일

ㅇ (사업예산)
금650,000,000원(금육억오천만원) ※개별 사업당 사업금액

※ 1차년도(2018.12.01~‘19.12.31)계약 분으로 2차년도 이후 사업비 상호 협의로 결정 하며 추후 예산편성 및 심의 과정 시 변경 가능
 
 
2. 신청자격
 
ㅇ 특화 산업별 기업 인큐베이팅을 위한 인적인프라, 관련 전문성 및 노하우를 갖춘 아래 ① 또는 ②에 해당하는 기관 또는 단체
ㅇ 센터가 정한 사업 착수일로부터 즉시 운영이 가능한 기관 또는 단체
① 「정부출연연기관 등의 설립‧운영 및 육성에 관한법률」 또는 「지방자치단체 출연 연구원의 설립 및 운영에 관한 법률」에 의거하여 설립된 연구기관
② 「고등교육법」에 의한 대학, 소속 부설연구소 또는 「산업교육진흥 및 산학연협력촉진에관한법률」 에 의한 기술지주회사
 
3. 신청서 제출
 
ㅇ 접수기간 : 2018년 8월 31일(금) ~ 9월 07일(금) 18:00 마감
ㅇ 접수방법 : 방문접수 (우편접수 불가)
ㅇ 접 수 처 : 제주특별자치도 제주시 첨단로 213-4 제주첨단과학기술단지 엘리트빌딩 1층 첨단산업처
ㅇ 제출서류 : 제안요청서 참조
 
4. 위탁기관 선정
 
ㅇ 선정방법 : 서류 및 면접심사(사업계획 제안 설명 및 질의응답)
ㅇ 심사일정 및 장소 : 개별 통보
ㅇ 결과발표 : 선정기관 개별 통보
 
5. 기타 유의사항
 
ㅇ 공개모집과 관련하여 제출된 서류는 일체 반환하지 않음
ㅇ 공개모집에 응모하고자 하는 신청자는 JDC 홈페이지(www.jdcenter.com) 모집공고, 제안요청서 등 관련내용을 완전히 숙지하고 공개모집에 임하여야 하며, 이를 숙지하지 못하여 발생한 사항에 대한 책임은 신청자에게 있음
 ㅇ 제출된 서류의 내용이 사실과 다를 경우 위탁기관 선정을 무효로 할 수 있으며, 향후 공모참가 제한 등 제약을 받을 수 있음
 ㅇ 접수문의 : JDC 첨단산업처 박성민 대리
유선 : 064-797-5705, 전자메일 : andypark@jdcenter.com
 
		"
97,"
				제주국제자유도시개발센터 혁신계획 알림
			","


			제주국제자유도시개발센터 혁신계획을 첨부와 같이 알려드립니다.

 
		"
98,"
				JDC 제주신화창작동요제 참가 모집
			","


제주신화 관련 링크 : http://www.jeju.go.kr/culture/myth/mythInfo/beganMyth.htm 참조
"
99,"
				JDC 드림업 제주탐방캠프 위탁 운영기관 모집 재공고
			","

                                                                             <장애청소년 멘토링 프로그램>
                                                                             JDC 드림업 제주탐방캠프 위탁 운영기관 모집 재공고
 

제주국제자유도시개발센터는 도내 장애 청소들에게 장애를 극복한 멘토와 함께 제주 문화탐방, 미션활동 및 캠프 등 다양한 체험활동을 제공하여
미래를 꿈꾸며 도전하고, 정서적 안정 및 사회 적응력 향상에 기여하고자 JDC 드림업 제주탐방캠프 위탁 운영기관 모집을 다음과 같이 공고합니다.
                                                                                                                                                                 
                                                                                                                                                                                                            2018년 8월 22일
                                                                                                                                                                                 제주국제자유도시개발센터 이사장
 
1. 사업개요
 ㅇ (사 업 명) JDC 드림업 제주탐방캠프
 ㅇ (사업내용)
    - 장애 청소년 대상 멘토의 성공 스토리와 함께 제주의 문화탐방 기회 제공
    - 소그룹 관심분야별 멘토링, 미션활동 및 캠프 등 다양한 체험 프로그램 운영
     ※ 세부내용은 ‘제안요청서’ 참조
 ㅇ (사업기간) 협약일로부터 2018년 12월 31일
 ㅇ (사업예산) 금50,000,000원(금오천만원)
 ㅇ (계약방식) 협상에 의한 계약
 
2. 신청자격
 ㅇ 제주특별자치도에 소재지를 두고 도내 거주 장애인을 대상으로 활동하는 장애인 관련 사회복지법인 또는 운영시설, 무장애여행 관련 사회적기업,
     비영리민간단체지원법 제4조 및 동법시행령 제3조에 의하여 비영리단체로 등록된 단체
 
3. 신청서 제출
 ㅇ 접수기간 : 2018년 8월 22일(수) ~ 8월 28일(화) 18:00 마감
 ㅇ 접수방법 : 우편 및 방문접수
 ㅇ 접 수 처 : 제주특별자치도 제주시 첨단로 213-4 제주첨단과학기술단지 엘리트빌딩 3층 홍보협력실
 ㅇ 제출서류 : 제안요청서 참조

4. 위탁기관 선정
 ㅇ 선정방법 : 서류 및 면접심사(사업계획 제안 설명 및 질의응답)
 ㅇ 심사일정 및 장소 : 개별 통보
 ㅇ 결과발표 : 선정기관 개별 통보
 
5. 기타 유의사항
 ㅇ 공개모집과 관련하여 제출된 서류는 일체 반환하지 않음
 ㅇ 공개모집에 응모하고자 하는 신청자는 JDC 홈페이지(www.jdcenter.com) 모집공고, 제안요청서 등 관련내용을 완전히 숙지하고 공개모집에 임하여야 하며,
     이를 숙지하지 못하여 발생한 사항에 대한 책임은 신청자에게 있음
 ㅇ 제출된 서류의 내용이 사실과 다를 경우 위탁기관 선정을 무효로 할 수 있으며, 향후 공모참가 제한 등 제약을 받을 수 있음
 ㅇ 문의안내
   - 담당자 : 제주국제자유도시개발센터 홍보협력실 홍단비 과장
   - 연락처 : ☎ 064)797-5764 이메일 : sweetrain@jdcenter.com
 
		"
100,"
				신화역사공원 J지구 개발사업시행승인(변경) 및 공원조성사업 설계용역 기술 및 업무관리능력 평가결과 공개
			","


			신화역사공원 J지구 개발사업시행승인(변경) 및 공원조성사업 설계용역과 관련하여 건설기술용역업자 사업수행능력 세부평가기준 제6조제2항에 의거하여 책임기술자의 기술 및 업무관리능력 평가결과를 다음과 같이 공개합니다.
 
		"
101,"
				신화역사공원 J지구 개발사업시행승인(변경) 및 공원조성사업 설계용역 사업수행능력평가 관련 업무중복도 공개 및 의견제출
			","


			신화역사공원 J지구 개발사업시행승인(변경) 및 공원조성사업 설계 용역 참여기술자에 대한 업무중복도를 아래와 같이 공개하오니 평가자료의 오류 또는 누락사항에 대한 의견 제출을 요청드립니다.
		"
102,"
				JDC 일자리 지원공간 위탁 운영기관 모집 공고
			","

< JDC 일자리 지원공간 위탁 운영기관 모집 공고>
 
제주국제자유도시개발센터(JDC)는 좋은 일자리 창출을 위하여 지역 특성을 반영한 계층별 취업 프로그램 운영 및 종합적이고 체계적인 취업지원서비스 제공으로 구직자 역량강화와 진로지도 등 취·창업지원을 도모하기 위하여 JDC 일자리 지원공간 위탁 운영기관 모집을 다음과 같이 공고합니다.

2018년 8월 7일
제주국제자유도시개발센터 이사장
 
1. 사업개요
ㅇ (사 업 명) JDC 일자리지원공간 위탁 운영기관 모집 공고
ㅇ (사업내용)
  - 취·창업프로그램 운영을 통한 취업상담 및 취업매칭, 맞춤형 취·창업 컨설팅 등 진로지도 상담, 취·창업지원 사후관리
  - (예비)창업자 역량강화를 위한 One-stop 체계 구축 등
    ※ 세부내용은 붙임의 ‘제안요청서’ 참조
ㅇ (사업기간) 2018년 12월 1일 ~ 2019년 12월 31일
ㅇ (사업예산) 금300,000,000원(금삼억원)
ㅇ (사업 추진장소) 제주특별자치도 제주시 첨단과학기술단지 내 약 400평 규모 유휴공간 활용(제주시 첨단로 330, 세미양빌딩)

2. 신청자격
ㅇ JDC 일자리 지원 공간 운영을 위한 사업계획 수립 및 이를 수행하기 위한 전문지식과 인적·물적 인프라를 갖춘 비영리 민간단체지원법 제4조 및 동법시행령 제3조에 의하여 비영리단체로 등록된 법인·단체
 
3. 신청서 제출
ㅇ 접수기간 : 2018년 8월 7일(화) ~ 8월 20일(월) 18:00 마감
ㅇ 접수방법 : 우편 및 방문접수
ㅇ 접 수 처 : 제주특별자치도 제주시 첨단로 213-4 제주첨단과학기술단지 엘리트빌딩 4층 일자리혁신팀
ㅇ 제출서류 : 제안요청서 참조
 
4. 위탁기관 선정
ㅇ 선정방법 : 서류 및 면접심사(사업계획 제안 설명 및 질의응답)
ㅇ 심사일정 및 장소 : 개별 통보
ㅇ 결과발표 : 선정기관 개별 통보
 
5. 기타 유의사항
ㅇ 공개모집과 관련하여 제출된 서류는 일체 반환하지 않음
ㅇ 공개모집에 응모하고자 하는 신청자는 JDC 홈페이지(www.jdcenter.com) 모집공고, 제안요청서 등 관련내용을 완전히 숙지하고 공개모집에 임하여야 하며, 이를 숙지하지 못하여 발생한 사항에 대한 책임은 신청자에게 있음
ㅇ 제출된 서류의 내용이 사실과 다를 경우 위탁기관 선정을 무효로 할 수 있으며, 향후 공모참가 제한 등 제약을 받을 수 있음
ㅇ 문의안내
  - 담당자 : 제주국제자유도시개발센터 일자리혁신팀 정인영 대리
  - 연락처 : ☎ 064)797-5730 이메일 : jiy@jdcenter.com
 
		"
103,"
				신화역사공원 J지구 개발사업 시행승인(변경) 및 공원조성사업 설계용역 입찰정보 사전공개 의견에 대한 답변
			","


"
104,"
				JDC 도민공감영화 제작지원사업 작품모집 재공고
			","


"
105,"
				JDC 드림업 제주탐방캠프 위탁 운영기관 모집 공고
			","


			<장애청소년 멘토링 프로그램>
                                                                            JDC 드림업 제주탐방캠프 위탁 운영기관 모집 공고
 
제주국제자유도시개발센터는 도내 장애 청소들에게 장애를 극복한 멘토와 함께 제주 문화탐방, 미션활동 및 캠프 등 다양한 체험활동을 제공하여
미래를 꿈꾸며 도전하고, 정서적 안정 및 사회 적응력 향상에 기여하고자 JDC 드림업 제주탐방캠프 위탁 운영기관 모집을 다음과 같이 공고합니다.
                                                                                                                                                                                                              2018년 7월 25일
                                                                                                                                                                                  제주국제자유도시개발센터 이사장
 
1. 사업개요
ㅇ (사 업 명) JDC 드림업 제주탐방캠프
ㅇ (사업내용)
    - 장애 청소년 대상 멘토의 성공 스토리와 함께 제주의 문화탐방 기회 제공
    - 소그룹 관심분야별 멘토링, 미션활동 및 캠프 등 다양한 체험 프로그램 운영
     ※ 세부내용은 ‘제안요청서’ 참조
ㅇ (사업기간) 협약일로부터 2018년 12월 31일
ㅇ (사업예산) 금50,000,000원(금오천만원)
ㅇ (계약방식) 협상에 의한 계약
 
2. 신청자격
ㅇ 제주특별자치도에 소재지를 두고 도내 거주 장애인을 대상으로 활동하는 장애인 관련 사회복지법인 또는 운영시설, 무장애여행 관련 사회적기업,
    비영리민간단체지원법 제4조 및 동법시행령 제3조에 의하여 비영리단체로 등록된 단체
 
3. 신청서 제출
ㅇ 접수기간 : 2018년 7월 25일(수) ~ 8월 20일(월) 18:00 마감
ㅇ 접수방법 : 우편 및 방문접수
ㅇ 접 수 처 : 제주특별자치도 제주시 첨단로 213-4 제주첨단과학기술단지 엘리트빌딩 3층 홍보협력실
ㅇ 제출서류 : 제안요청서 참조

4. 위탁기관 선정
ㅇ 선정방법 : 서류 및 면접심사(사업계획 제안 설명 및 질의응답)
ㅇ 심사일정 및 장소 : 개별 통보
ㅇ 결과발표 : 선정기관 개별 통보
 
5. 기타 유의사항
ㅇ 공개모집과 관련하여 제출된 서류는 일체 반환하지 않음
ㅇ 공개모집에 응모하고자 하는 신청자는 JDC 홈페이지(www.jdcenter.com) 모집공고, 제안요청서 등 관련내용을 완전히 숙지하고 공개모집에 임하여야 하며, 
    이를 숙지하지 못하여 발생한 사항에 대한 책임은 신청자에게 있음
ㅇ 제출된 서류의 내용이 사실과 다를 경우 위탁기관 선정을 무효로 할 수 있으며, 향후 공모참가 제한 등 제약을 받을 수 있음
ㅇ 문의안내
    - 담당자 : 제주국제자유도시개발센터 홍보협력실 홍단비 과장
    - 연락처 : ☎ 064)797-5764 이메일 : sweetrain@jdcenter.com
 
		"
106,"
				산업 특화형 기업 인큐베이팅 센터 위탁 운영기관 모집 공고
			","


			산업 특화형 기업 인큐베이팅 센터 위탁 운영기관 모집 공고
 
제주국제자유도시개발센터(JDC)는 「국토교통부 일자리로드맵(‵18.05)」 에 따른 대규모 일자리 창출거점 모델인 ‘지역혁신성장센터’ 조성을 통해 청년실업률 개선 및 일자리 창출을 도모하기 위하여 산업 특화형 기업 인큐베이팅 센터 위탁 운영기관 모집을 다음과 같이 공고합니다.

1. 사업개요
 
ㅇ (사 업 명)
- 자율‧전기자동차 산업 기업 인큐베이팅 센터 위탁 사업
- ICT 기반 문화‧예술 산업 기업 인큐베이팅 센터 위탁 사업

ㅇ (사업내용)
- 기업육성 교육 프로그램 운영, 산업 특화 연구소 운영, 인큐베이팅 대상 기업 유치, 심사 및 사후관리, 위탁기관 보유 전문분야 IP 활용 기업육성 시행 등

ㅇ (시설개요)
- 위 치 : 제주특별자치도 제주시 첨단로 330, 세미양빌딩
※ 수탁사업자 공모‧선정 이후 사업 착수일 이전 준비기간의 업무공간은 스마트 빌딩 내 유휴공간을 제공 할 수 있음

ㅇ (사업기간)
2018년 12월 1일 ~ 2021년 12월 31일

ㅇ (사업예산)
금650,000,000원(금육억오천만원) ※개별 사업당 사업금액

※ 1차년도(2018.12.01~‘19.12.31)계약 분으로 2차년도 이후 사업비 상호 협의로 결정 하며 추후 예산편성 및 심의 과정 시 변경 가능
 
 
2. 신청자격
 
ㅇ 특화 산업별 기업 인큐베이팅을 위한 인적인프라, 관련 전문성 및 노하우를 갖춘 아래 ① 또는 ②에 해당하는 기관 또는 단체
ㅇ 센터가 정한 사업 착수일로부터 즉시 운영이 가능한 기관 또는 단체
① 「정부출연연기관 등의 설립‧운영 및 육성에 관한법률」 또는 「지방자치단체 출연 연구원의 설립 및 운영에 관한 법률」에 의거하여 설립된 연구기관
② 「고등교육법」에 의한 대학, 소속 부설연구소 또는 「산업교육진흥 및 산학연협력촉진에관한법률」 에 의한 기술지주회사
 
3. 신청서 제출
 
ㅇ 접수기간 : 2018년 8월 31일(금) ~ 9월 07일(금) 18:00 마감
ㅇ 접수방법 : 방문접수 (우편접수 불가)
ㅇ 접 수 처 : 제주특별자치도 제주시 첨단로 213-4 제주첨단과학기술단지 엘리트빌딩 1층 첨단산업처
ㅇ 제출서류 : 제안요청서 참조
 
4. 위탁기관 선정
 
ㅇ 선정방법 : 서류 및 면접심사(사업계획 제안 설명 및 질의응답)
ㅇ 심사일정 및 장소 : 개별 통보
ㅇ 결과발표 : 선정기관 개별 통보
 
5. 기타 유의사항
 
ㅇ 공개모집과 관련하여 제출된 서류는 일체 반환하지 않음
ㅇ 공개모집에 응모하고자 하는 신청자는 JDC 홈페이지(www.jdcenter.com) 모집공고, 제안요청서 등 관련내용을 완전히 숙지하고 공개모집에 임하여야 하며, 이를 숙지하지 못하여 발생한 사항에 대한 책임은 신청자에게 있음
 ㅇ 제출된 서류의 내용이 사실과 다를 경우 위탁기관 선정을 무효로 할 수 있으며, 향후 공모참가 제한 등 제약을 받을 수 있음
 ㅇ 접수문의 : JDC 첨단산업처 박성민 대리
유선 : 064-797-5705, 전자메일 : andypark@jdcenter.com
 
		"
107,"
				2018년 JDC 시민참여혁신단 2차 모집 공고
			","

2018년 JDC ｢시민참여혁신단｣ 2차 모집 공고

제주국제자유도시개발센터(JDC)에서는 여러분의 다양한 의견에 귀 기울이고 기관이 추진하는 경영활동에 반영·개선하기 위해
｢2018년 JDC 시민참여혁신단｣을 아래와 같이 추가 모집하고자 하오니 많은 관심과 참여 바랍니다.


□ 추진 목적 
  ㅇ 기관이 추진하는 경영활동에 시민이 참여하는 시민주도형 혁신을 통해 시민이 주체가 되는 사회혁신 기반 조성
  ㅇ 지역사회의 다양한 의견을 반영하여 실질적으로 국민이 체감하고 공감할 수 있는 사회적 가치 창출 및 실현

□ 추진 내용
  ㅇ 운영 방법 : 정기회의 개최, 온라인 상시 의견수렴 실시
  ㅇ 주요 역할
    - 기관 특성과 지역사회 환경을 반영한 추진과제를 발굴하고 과제별 세부이행 계획 수립을 위한 시민 자문 및 의견 수렴
    - 추진과제의 실제 성과 창출을 위해 담당부서별 과제 이행 현황에 대한 외부 모니터링 및 우수 과제 선정·포상 등

□ 모집 내용
  ㅇ 모집기간 : `18. 7. 17(화) ~ 7. 23(월)
  ㅇ 모집인원 : 전문가, 일반시민 포함 15명 내외
  ㅇ 활동기간 : `19. 3월 까지
  ㅇ 모집분야 : 사업 및 서비스 혁신, 사회 혁신  * 세부내용 붙임1 참고

□ 신청 및 선정
  ㅇ (신청방법) 붙임2 서류 작성 후 이메일(kgmoonriver@jdcenter.com) 제출
    - 제출서식 :  참여신청서, 개인정보 수집․이용 제공 동의서
  ㅇ (선정방법) 서류 심사 후 7월 24일(화) 발표 예정 

□ 문의처
  ㅇ (전    화) 064-797-5540/5774, JDC 일자리혁신팀
  ㅇ (이메일) kgmoonriver@jdcenter.com
"
108,"
				제주 드론산업 육성을 위한 전문가 포럼 및 간담회 개최 알림
			","

JDC 미래투자처에서 '제주 드론산업 육성을 위한 도내외 전문가 초청 포럼 및 간담회'를 개최합니다.
여러분의 많은 관심과 참여 바랍니다.

- 일   시 : '18.07.27(금) 13:00~17:00
- 장   소 : 제주 매종 글래드 호텔 2층 크리스탈홀
- 주   제 :  (발표1) 국내외 드론산업 현황 및 육성 정책
                   *발표자 : 항공안전기술원 무인항공연구실 강창봉 단장
                 (발표2) 드론 실시간 감시/매핑과 공공분야 활용 사례
                   *발표자 : 서울시립대 공간정보공학과 이임평 교수
                 (발표3) 제주 특화 드론산업 육성 방안
                   *발표자 : 한국드론산업협회 박석종 회장
                 (발표4) 국내 드론기술 현황 및 향후 전망
                   *발표자 : 유콘시스템 송재근 대표이사
                 (발표5) 제주 무인항공방제 현황 및 발전 방안
                   *발표자 : 드론전문교육기관 제주유니에어 박태호 원장
                 (토  론) 발제자 총 5명 발제 후 토론 진행


- 관련문의 : 고경훈 과장(797-5543), 신유진 주임(797-5769)
"
109,"
				JDC '낭'에서 펼쳐지는 '문화가득 프로그램'
			","


첨단과학기술단지에서 펼쳐지는 문화 가득한 수요 프로젝트

JDC 문화공간 '낭'에서  매주 둘째, 셋째, 넷째주 수요일 'JDC 문화가득 프로그램'이 진행됩니다!
 
사전신청 없이, 무료, 선착순으로 7월 11일 첫 시작을 맞이합니다!!
 
<프로그램>
ㅇ 패밀리 창작체험 : 둘째주 수요일 2시
ㅇ FILM X FICTION : 셋째주 수요일 1시
ㅇ 북콘서트 산책 : 넷째주 수요일 2시
 
 
* 프로그램 기간 : 18.7~11월 둘째, 셋째, 넷째주 수요일
* JDC 문화공간 낭 : 제주시 첨단로 330, 세미양 빌딩
* 행사문의 : 064-748-5488

자세한 내용은 포스터를 참고해주세요
"
110,"
				신화역사공원 J지구 개발사업시행승인(변경) 및 공원조성사업 설계 용역 사업수행능력 세부평가기준(안)공개
			","

신화역사공원 J지구 개발사업시행승인(변경) 및 공원조성사업 설계 용역에 관하여 사업수행능력 세부평가기준(안)을 공개하오니, 참고바랍니다.
"
